N_entangling,fid_sampler,purity_sampler,fid_sampler_to_NN_approx,fid_sampler_no_readout,purity_sampler_no_readout,fid_sampler_no_readout_to_NN_approx,fid_noisy_state_sim,purity_noisy_state_sim,fid_noisy_state_sim_to_NN_approx,fid_ideal,purity_ideal,N_entangling_sampler,N_entangling_sampler_no_readout,N_entangling_noisy_rho,N_entangling_ideal_rho,estimator_verification_100,estimator_verification_1000,estimator_verification_5000,estimator_verification_10000,estimator_verification_20000,sequence
6.0,0.6999838272159292,0.5073489553223091,0.6998516827739102,0.8289516523644435,0.6948079795501025,0.8289586154544507,0.9304975246053516,0.8649755835060149,0.9307290801350264,1.0011630026720892,0.9999999999999987,6.0,6.0,6.0,6.0,0.9169376423362581,0.9642983699422315,0.9835765945770355,0.9830879813939373,0.9901899625229225,"3-2, 2-1, 2-1, 1-0, 2-1, 3-2"
6.0,0.7583682934011581,0.5885376058079318,0.7585531853643367,0.800423525036345,0.6628761095388099,0.8005129802779722,0.9283671858889891,0.8610099639435362,0.9283146907609813,1.001091598665348,0.9999999999999979,6.0,6.0,6.0,6.0,0.9231575261671977,0.9673721537683764,0.9829764670322124,0.9854824972765645,0.9912959185101777,"3-2, 2-1, 2-1, 1-0, 2-1, 3-2"
6.0,0.7059775927251251,0.517666450514374,0.7058667002817535,0.8376724156670529,0.7086130723580044,0.8376323275097312,0.9075325169850393,0.8236871309144,0.9076235420231079,1.0007399847658887,0.999999999999998,6.0,6.0,6.0,6.0,0.9096047927966773,0.9637977238465212,0.9787509914619106,0.9850855047118048,0.9885037150113003,"3-2, 2-1, 2-1, 1-0, 2-1, 3-2"
6.0,0.72121853691019,0.5434525261602703,0.7224355941525648,0.8343016045791071,0.7078523430204102,0.8360432426095338,0.9052056065607967,0.8222559801400517,0.9063839618322568,0.9995570840106597,0.9999999999999996,6.0,6.0,6.0,6.0,0.9207923745372163,0.9654410083405437,0.9836227715379859,0.9883225623551376,0.9894969815685795,"3-2, 2-1, 2-1, 1-0, 2-1, 3-2"
6.0,0.7463336945426196,0.5704527807980737,0.7463660423198416,0.8129204646479093,0.6711443627834266,0.8130371078481753,0.9440033164280494,0.8902172592165364,0.9439211100290648,1.0010488127891417,0.9999999999999971,6.0,6.0,6.0,6.0,0.9318174628187852,0.9684736125033345,0.9835903905189972,0.9886157505365212,0.9920488078733641,"3-2, 2-1, 2-1, 1-0, 2-1, 3-2"
6.0,0.7651875192560438,0.5959405239935118,0.7652527413788041,0.8318945260470699,0.6989541424102246,0.8318318183728317,0.9048087423742459,0.81820971210045,0.9049018192678836,1.0009599687241237,0.9999999999999966,6.0,6.0,6.0,6.0,0.9077981352672473,0.9609439061762222,0.9773130064143338,0.9862543075106394,0.9903765687207813,"3-2, 2-1, 2-1, 1-0, 2-1, 3-2"
6.0,0.7241366484421629,0.5384267486276029,0.7241088867316686,0.7786394631073997,0.6186175032957968,0.778550917704559,0.9288137759840843,0.8615648714871211,0.9290892665035216,1.0009062079251387,0.9999999999999996,6.0,6.0,6.0,6.0,0.9248392139404116,0.9546140594623698,0.9741092065889911,0.9802122810096997,0.9851242916074096,"3-2, 2-1, 2-1, 1-0, 2-1, 3-2"
6.0,0.7096725330174058,0.5206617459321604,0.7097221032398455,0.7440249460553228,0.579978844824746,0.7442238310545518,0.8942012170859929,0.7992687793451795,0.8941225055404334,1.0008507873203065,1.000000000000001,6.0,6.0,6.0,6.0,0.90739218850108,0.9527273920659654,0.9727136134615787,0.9792359597543885,0.9877519920619805,"3-2, 2-1, 2-1, 1-0, 2-1, 3-2"
6.0,0.681471506073209,0.49137294419648125,0.6815739693666008,0.8386516175075551,0.7092708032021244,0.8388038543083141,0.9108567703535654,0.8289424972232127,0.9108774942314007,1.0010295865878567,0.9999999999999969,6.0,6.0,6.0,6.0,0.9049235299089535,0.9532554440513206,0.9778397323576832,0.982672054672639,0.9862626029321856,"3-2, 2-1, 2-1, 1-0, 2-1, 3-2"
6.0,0.7507358809056786,0.5773865284972945,0.7515600306202846,0.8457422486656839,0.7249523607019863,0.8464537347471259,0.945902534434986,0.8949774446409302,0.9466506536293341,1.0002156666186102,0.9999999999999996,6.0,6.0,6.0,6.0,0.9377808953631879,0.9644740585769236,0.9772356553981845,0.9809889410881195,0.9857693806022958,"3-2, 2-1, 2-1, 1-0, 2-1, 3-2"
6.0,0.7929003719899869,0.6522635231660567,0.80339924067152,0.8434239647856944,0.7398101065194546,0.8573910078256805,0.9110461110080422,0.851297429310816,0.9230573414047122,0.9878141257820054,0.999999999999998,6.0,6.0,6.0,6.0,0.9149779901622932,0.9546499951968368,0.973393103224657,0.9810130069866404,0.9877989783971005,"3-2, 2-1, 2-1, 1-0, 2-1, 3-2"
6.0,0.6915130652253485,0.5054722633249562,0.6917810835111202,0.8865927622507875,0.7894268234530171,0.8867956484015473,0.06329728581582147,0.06343662574939093,0.06328748772219604,1.00095295338589,0.9999999999999967,6.0,6.0,6.0,6.0,0.6386211425048962,0.9033555159472751,0.927760850522791,0.9310091241122489,0.9319869262857455,"3-2, 2-1, 2-1, 1-0, 2-1, 3-2"
6.0,0.7821866776791075,0.6230674981336325,0.7822867909097857,0.7873851140807957,0.6394428387010941,0.7872398403618708,0.9018305231524373,0.8143925171222048,0.9018909432872629,1.0005081715137991,0.9999999999999969,6.0,6.0,6.0,6.0,0.9319880772209276,0.9718048623784874,0.9839785121650262,0.9856145288175544,0.9894503627345484,"3-2, 2-1, 2-1, 1-0, 2-1, 3-2"
6.0,0.6845615559287841,0.4917304718137502,0.6846012426654493,0.8857398168056705,0.7865625729595451,0.8854905886554852,0.9063134458328918,0.8205116397914788,0.9062554827335314,1.0010777193411962,0.9999999999999976,6.0,6.0,6.0,6.0,0.9082916567358993,0.951351423550361,0.9753202856506356,0.9791156830504141,0.9811795916979696,"3-2, 2-1, 2-1, 1-0, 2-1, 3-2"
6.0,0.7550763572907289,0.5810914205454183,0.7550651715620356,0.8462049024184903,0.7205007398778857,0.8461978387163099,0.9272240063280492,0.8584617299607298,0.9274040912107672,1.000841296031695,0.999999999999998,6.0,6.0,6.0,6.0,0.9187042513499323,0.9541376409927863,0.9784059285249114,0.9792000083249643,0.9846801958202993,"3-2, 2-1, 2-1, 1-0, 2-1, 3-2"
6.0,0.6762225891635175,0.4869301312923167,0.6762143721078824,0.838868822039458,0.7108621578104402,0.8388379392519474,0.8918897432961236,0.795379365427801,0.8919335413864149,1.0008742340082823,0.9999999999999987,6.0,6.0,6.0,6.0,0.8985555058805533,0.9433506496655633,0.9671457627959691,0.9751138552103756,0.9832355100533342,"3-2, 2-1, 2-1, 1-0, 2-1, 3-2"
6.0,0.7323634222181233,0.5516257043888655,0.7322928696161322,0.8219011184162696,0.6871159793699297,0.8217485845773468,0.94953680346709,0.9005647057864784,0.9497221178818491,1.0009046917464188,0.9999999999999986,6.0,6.0,6.0,6.0,0.9298932866914786,0.968579817054599,0.9845550489225364,0.9884862482141439,0.9913953844940927,"3-2, 2-1, 2-1, 1-0, 2-1, 3-2"
6.0,0.7595443823167247,0.5889250812817317,0.7596079826472644,0.8793600527420437,0.7760281116330302,0.8795092229992653,0.9010896019165381,0.8113633868403229,0.9008471607918641,1.0011445148888616,1.0,6.0,6.0,6.0,6.0,0.9132685775377636,0.954103387843967,0.9713766027066875,0.9790194719507538,0.9818343787079916,"3-2, 2-1, 2-1, 1-0, 2-1, 3-2"
6.0,0.7093346841832637,0.5241591366639747,0.7092309757568747,0.8275666784288143,0.6964502374975232,0.8287884078240224,0.8976983938639832,0.8068932485365744,0.8987093058718592,1.000103440364979,0.9999999999999976,6.0,6.0,6.0,6.0,0.9076257776094896,0.9503935370888755,0.9742809701853932,0.983318610560425,0.9839416722674599,"3-2, 2-1, 2-1, 1-0, 2-1, 3-2"
6.0,0.6632247429794428,0.4775325402415054,0.6631215489256409,0.8568943470045487,0.7402179088079602,0.8569581271843733,0.9508385408859051,0.9025374966622718,0.9505963934687314,1.0005915075426044,0.9999999999999978,6.0,6.0,6.0,6.0,0.9514761762661054,0.9795547762654511,0.9871644910211214,0.9902205703138263,0.9916875550918288,"3-2, 2-1, 2-1, 1-0, 2-1, 3-2"
6.0,0.6547081647451761,0.45847511988069933,0.65459330558717,0.848836951360353,0.7263402853717781,0.8489168675346483,0.06636361412593365,0.06633961068195648,0.06638100610040709,1.0007154478782878,0.9999999999999977,6.0,6.0,6.0,6.0,0.6221028830694203,0.9144090315180226,0.9409612979639834,0.9455508519226561,0.9459806642214502,"3-2, 2-1, 2-1, 1-0, 2-1, 3-2"
6.0,0.7803506661015066,0.6197679673946755,0.780569603410045,0.7904377523142803,0.6352511714992135,0.7902157471611524,0.12713502579330554,0.16199504007567564,0.12710343195469875,1.001026721543912,0.999999999999998,6.0,6.0,6.0,6.0,0.8357228812329504,0.9478563424472132,0.9730666565312102,0.9762203984547394,0.9808355911016812,"2-3, 2-1, 2-1, 1-0, 2-1, 3-2"
6.0,0.7910561781979194,0.6334718424517076,0.7909430949845339,0.8050500398553714,0.6596098998737082,0.8052272273206423,0.9245107798232926,0.853548048055407,0.9244519136511162,1.000824878123295,0.9999999999999977,6.0,6.0,6.0,6.0,0.9270411405110051,0.9617709637496333,0.9841664664578851,0.9832308476371813,0.9912123201745442,"3-2, 2-1, 2-1, 1-0, 2-1, 3-2"
6.0,0.6924576336031336,0.5010672197965724,0.6921819189095373,0.814683728122197,0.6731254865683667,0.8146577945140004,0.8990576501011689,0.8084674332670683,0.8991523773142633,1.0008199748746134,1.0,6.0,6.0,6.0,6.0,0.9104189241893553,0.9601070600010451,0.980394609949387,0.9838539624846724,0.9870185826756406,"3-2, 2-1, 2-1, 1-0, 2-1, 3-2"
6.0,0.7215986448468925,0.5444934077538142,0.7216665090796057,0.7126083416244647,0.5312910042497927,0.712386652085975,0.9334522828176047,0.870498212252727,0.9335880850942723,1.0010566234781784,0.9999999999999976,6.0,6.0,6.0,6.0,0.9179098267950583,0.9624522112673254,0.9778432149115116,0.9854399851624758,0.9893055399573998,"3-2, 2-1, 2-1, 1-0, 2-1, 3-2"
6.0,0.7669209535351923,0.597789098873916,0.7671040774037506,0.8467255391740908,0.7217879133156824,0.8465020825445524,0.06646654055173683,0.06630053012565233,0.06646324547387698,1.0009915104018914,0.9999999999999974,6.0,6.0,6.0,6.0,0.648383220821439,0.8899221800262048,0.9182633651499079,0.934641462298374,0.9207417619614202,"3-2, 2-1, 2-1, 1-0, 2-1, 3-2"
6.0,0.7436115054730381,0.5671565274830388,0.7437180587189601,0.825792336350721,0.690213819610638,0.8256547021219505,0.0979736335386801,0.09679182211821213,0.09797248494284494,1.0009289599536462,0.9999999999999979,6.0,6.0,6.0,6.0,0.7288847420664403,0.9309972147702963,0.9720660997840125,0.9597061714073012,0.9774987453791363,"3-2, 2-1, 2-1, 1-0, 2-1, 3-2"
6.0,0.7887598682424258,0.6313899912124019,0.7888060764445729,0.8494070184864204,0.7325532801574005,0.8489732705378382,0.9032324023308166,0.816971952989443,0.9032499385743987,1.0010809401809848,0.9999999999999982,6.0,6.0,6.0,6.0,0.9222216008555443,0.9723087750198683,0.9847125198271588,0.9891082937068374,0.9923275842474355,"3-2, 2-1, 2-1, 1-0, 2-1, 3-2"
6.0,0.7346846679186542,0.5530193642252398,0.7347036880338896,0.8560443543965013,0.7371438831423944,0.8560868762504944,0.9425138495714482,0.886820081938216,0.9425613785346539,1.0009462583722544,0.999999999999998,6.0,6.0,6.0,6.0,0.9240643914388064,0.9639242812911056,0.9742879717021816,0.9825414912096951,0.9844185420779303,"3-2, 2-1, 2-1, 1-0, 2-1, 3-2"
6.0,0.735082147419847,0.5580342147579578,0.7350867940990397,0.7860051784285241,0.6296787001130495,0.7863249410259121,0.08438254353986184,0.10849530539803726,0.08437998446035076,1.0011490295956365,0.9999999999999969,6.0,6.0,6.0,6.0,0.7390190133262503,0.9451244697431339,0.9823211096300222,0.9868841679233484,0.9850207807220729,"3-2, 2-1, 2-1, 1-0, 2-1, 3-2"
6.0,0.7211237644509859,0.5375912866708898,0.7209977171644544,0.846730023972754,0.7235584411344722,0.8467439859127244,0.9060637074217304,0.8206080856543457,0.906161514896076,1.000698820250541,0.9999999999999962,6.0,6.0,6.0,6.0,0.9118350541339862,0.9570517628204858,0.9725355222512286,0.9799251346194036,0.9839329568885835,"3-2, 2-1, 2-1, 1-0, 2-1, 3-2"
6.0,0.7707747150039745,0.6051002663413735,0.7706102284857674,0.8125907172501672,0.669108690676737,0.8124731823963365,0.8843637910983672,0.7824310677456094,0.8842975259031529,1.0010345845036797,0.999999999999999,6.0,6.0,6.0,6.0,0.9104258026211524,0.9562719962114052,0.9785308883012744,0.9846665122896793,0.9880583788482924,"3-2, 2-1, 2-1, 1-0, 2-1, 3-2"
6.0,0.7270531643735663,0.5466541031135319,0.7271392533284937,0.7981223998730066,0.6470794413304677,0.7984372490337112,0.08886525481698782,0.09414273706467906,0.0888519575201257,1.0010359545661915,0.9999999999999967,6.0,6.0,6.0,6.0,0.7187966363568769,0.9073224726191083,0.9765912951034469,0.9686139612358392,0.9708527228648396,"3-2, 2-1, 2-1, 1-0, 2-1, 3-2"
6.0,0.7168118927609624,0.5349937042813415,0.7168196902388553,0.8113034327708318,0.6683638750697574,0.8112113722662666,0.06906688930866697,0.06871291310591908,0.06906258003650996,1.0010039616115782,0.9999999999999972,6.0,6.0,6.0,6.0,0.6578378416853838,0.8953521812296099,0.9376049249945884,0.9115566797261743,0.942111394495955,"3-2, 2-1, 2-1, 1-0, 2-1, 3-2"
6.0,0.745076718701012,0.5695591090645844,0.7450445612146825,0.8495557824768709,0.7283980413170406,0.8501532227032814,0.9451498263345252,0.8924924949073616,0.9454667457193003,1.000514388808506,0.9999999999999967,6.0,6.0,6.0,6.0,0.9323323091867501,0.9647555047887448,0.9815531461159805,0.9845360228452817,0.9895466637393097,"3-2, 2-1, 2-1, 1-0, 2-1, 3-2"
6.0,0.6779139227520882,0.4908670127133388,0.67789376296825,0.8294071253475582,0.6938223451677723,0.8291353623601608,0.9130053707092387,0.8325593782480228,0.913074797590363,1.000998799115593,0.9999999999999976,6.0,6.0,6.0,6.0,0.9224006816635038,0.9616692446790335,0.9779951125552169,0.9817884370848398,0.9897476960455877,"3-2, 2-1, 2-1, 1-0, 2-1, 3-2"
6.0,0.7412833584377085,0.5673466389222661,0.7412898790782525,0.8244720434091767,0.6897866389593025,0.824583992964522,0.9432223957108292,0.8880998025780618,0.9431890408974338,1.0009679684637367,0.9999999999999972,6.0,6.0,6.0,6.0,0.9209132403642661,0.9675756997486572,0.9762175915768397,0.9832657389305391,0.9884093355362762,"3-2, 2-1, 2-1, 1-0, 2-1, 3-2"
6.0,0.7330251206089963,0.5596022600919324,0.7328583708609341,0.8371039128747845,0.7083389437764958,0.8370581015720954,0.8995700697603146,0.8097448705568533,0.8994910665350607,1.000836265764183,0.9999999999999972,6.0,6.0,6.0,6.0,0.9139284946565418,0.963330805480391,0.9828205778263784,0.9879562367067102,0.9917677364276393,"3-2, 2-1, 2-1, 1-0, 2-1, 3-2"
6.0,0.7491378436386801,0.5796130320982957,0.7494761756643956,0.8130513983976805,0.6696268841146266,0.8125725455433566,0.932413891915902,0.8678280218291728,0.9320585278537087,1.0008647517066551,0.9999999999999974,6.0,6.0,6.0,6.0,0.9338753414159948,0.9646229425297381,0.9809027257236939,0.9856625705116823,0.990867954210378,"3-2, 2-1, 2-1, 1-0, 2-1, 3-2"
6.0,0.741471646664167,0.5641592945134855,0.7412157664831733,0.7945955854915293,0.6433139331219396,0.7950089710808698,0.1062841469176754,0.11146834174714654,0.10643048401787039,1.0005422944189777,0.9999999999999976,6.0,6.0,6.0,6.0,0.7446279631595838,0.9580348713707396,0.9566634781980193,0.9624064038012754,0.9606055011088981,"3-2, 2-1, 2-1, 1-0, 2-1, 3-2"
6.0,0.7507618322627677,0.5760258168596364,0.7507216937447146,0.8464718390139805,0.7248430279625756,0.8467172215947196,0.9449775025554348,0.8915098204760072,0.9449242532988003,1.0008986435867862,0.9999999999999974,6.0,6.0,6.0,6.0,0.9219000682102317,0.9660044931742795,0.9796757765414076,0.9827680784866422,0.988393501168221,"3-2, 2-1, 2-1, 1-0, 2-1, 3-2"
6.0,0.7742074582846575,0.6120317855164165,0.7740334175962945,0.8434445475744621,0.7208293923170386,0.8434326554439346,0.07720898199288924,0.0782188489118946,0.07722103163815348,1.001136035231915,0.9999999999999982,6.0,6.0,6.0,6.0,0.6704044114050183,0.9345651259607046,0.9550576915256765,0.9578397525874952,0.9604253267795045,"3-2, 2-1, 2-1, 1-0, 2-1, 3-2"
6.0,0.7513868876896023,0.5772820736208792,0.751085343013947,0.8457179095064145,0.7207330293862929,0.845425759119866,0.8981251713699846,0.8063774972021969,0.8981181907076471,1.0008461753712894,0.9999999999999969,6.0,6.0,6.0,6.0,0.9061807910955109,0.9526001721887808,0.9788555531343373,0.9850569491403858,0.9899556634795397,"2-3, 2-1, 2-1, 1-0, 2-1, 3-2"
6.0,0.7523306961375292,0.5762009693105283,0.7524400814779901,0.8058374946365512,0.6586806666506002,0.8058932907897616,0.9076242622073083,0.8229950433403677,0.9075596869794502,1.000862671584575,0.9999999999999986,6.0,6.0,6.0,6.0,0.8978828784739658,0.9532347865930813,0.973254441384601,0.980474854687332,0.9858736706924054,"3-2, 2-1, 2-1, 1-0, 2-1, 3-2"
7.0,0.6651334574283979,0.47651485190919185,0.6732350941429348,0.7995522599119799,0.6655302343423333,0.8095720038695122,0.9299881501461902,0.8856280364519302,0.9417700130410592,0.9885002994653966,0.9999999999999981,7.0,7.0,7.0,7.0,0.9389372470870082,0.9610128748696257,0.9788405097873993,0.9833010284101795,0.9862276334782231,"3-2, 2-1, 2-3, 1-0, 2-1, 2-1, 3-2"
6.0,0.7632038819545075,0.5966843547888744,0.7633036279984493,0.7895030124716407,0.6339285053544835,0.7895545012595172,0.8984177974246849,0.8076966788647872,0.8981310889279518,1.0008466762033164,0.9999999999999976,6.0,6.0,6.0,6.0,0.9222982173182166,0.9688813812626129,0.9841881942017933,0.9868458024681159,0.9919526345639563,"3-2, 2-1, 2-1, 1-0, 2-1, 3-2"
6.0,0.7204420681265964,0.5367425589427939,0.7202000658598379,0.8508725496585753,0.730380112324531,0.8509197280242556,0.9068943687699234,0.8219667998642888,0.9068541573617737,1.0010150035606087,0.9999999999999992,6.0,6.0,6.0,6.0,0.9103452297602717,0.9630207573466497,0.9784845631523486,0.984127870991879,0.9876704892817042,"3-2, 2-1, 2-1, 1-0, 2-1, 3-2"
6.0,0.6643085693717994,0.47497789356811515,0.6644460769117769,0.8135927228095049,0.671887900347202,0.8137221596137735,0.9409735422110789,0.8843668809894193,0.9409776289011467,1.0011354478988377,0.9999999999999964,6.0,6.0,6.0,6.0,0.9217708795459766,0.9676387067709675,0.9776131361101505,0.9828508945423903,0.9853387130091429,"3-2, 2-1, 2-1, 1-0, 2-1, 3-2"
6.0,0.681815052630961,0.489890455701652,0.6820902512184108,0.8529695309718422,0.7337059541761572,0.8533474327113758,0.9056996163738756,0.8194204699331391,0.9056177305085491,1.0007534410991072,0.999999999999998,6.0,6.0,6.0,6.0,0.9095522047619674,0.9535336206236643,0.9739162993838707,0.9843972755900161,0.9900309143599192,"3-2, 2-1, 2-1, 1-0, 2-1, 3-2"
6.0,0.7150349975609839,0.5284561356870862,0.7152557980358629,0.7917842529921365,0.6365041617051967,0.7916578654368559,0.9144785659398238,0.8354094850883063,0.9144802933972136,1.0006695127248983,0.9999999999999992,6.0,6.0,6.0,6.0,0.9170505598251544,0.9591449432118039,0.9823200595374094,0.9839621897423503,0.9873227521532625,"3-2, 2-1, 2-1, 1-0, 2-1, 3-2"
6.0,0.8026396509271704,0.6502833425433678,0.8024220354801154,0.880673047226142,0.7792029937881064,0.8810492618770908,0.12510200677946018,0.16008579033010653,0.12508726728552597,1.0011203465376963,0.9999999999999971,6.0,6.0,6.0,6.0,0.8329364852118631,0.95483925910076,0.9758411809656661,0.9806316048829309,0.9843720747314257,"3-2, 2-1, 2-1, 1-0, 2-1, 3-2"
6.0,0.6983635011031265,0.5051661350425531,0.6982876697395863,0.8202571660753755,0.6801151940184482,0.8203671287883624,0.9480151208502816,0.8968588024080866,0.9480065307942147,1.0008567936558073,0.9999999999999991,6.0,6.0,6.0,6.0,0.9393185147401362,0.9699911052136496,0.982490395974755,0.9854397108696702,0.9887509075925127,"3-2, 2-1, 2-1, 1-0, 2-1, 3-2"
6.0,0.7579834054601713,0.5850189718405719,0.7579756260982603,0.8415209308064144,0.7147190321302104,0.8414492469760461,0.9445719583216772,0.8903905256326877,0.9445335567302414,1.0011122786830102,0.9999999999999958,6.0,6.0,6.0,6.0,0.9262767646665567,0.9630298489472225,0.9778335123523574,0.9822696134480019,0.9885558845882024,"3-2, 2-1, 2-1, 1-0, 2-1, 3-2"
6.0,0.7402533668409474,0.5629876163654326,0.7405007143813266,0.8444745878928746,0.7220585077018092,0.84449867033994,0.16921865875989828,0.19827104586648828,0.16925976603503934,1.0010252327515694,0.9999999999999959,6.0,6.0,6.0,6.0,0.8634673052339701,0.9525483399836295,0.9667037734430606,0.9802888411892217,0.9806514125020996,"3-2, 2-1, 2-1, 1-0, 2-1, 3-2"
6.0,0.7512517134898857,0.5761979964935084,0.7509987555017419,0.7730557113121169,0.6145207371077286,0.7729498004405777,0.9318942114651778,0.8666603029820308,0.9318836526921189,1.0011851499989324,1.0000000000000004,6.0,6.0,6.0,6.0,0.9282337813972603,0.9637806848424394,0.9803057552102373,0.9848154748690544,0.9887943166118723,"3-2, 2-1, 2-1, 1-0, 2-1, 3-2"
6.0,0.7224242614818087,0.5413240891977087,0.7225675580418088,0.8229626109297293,0.6889288848338839,0.8226943768511955,0.9482950432425552,0.8980425530190923,0.9483104207666928,1.0011612023497198,0.9999999999999981,6.0,6.0,6.0,6.0,0.948089265672899,0.9709279176221363,0.9803490110551626,0.9866902075099274,0.9873929951141489,"3-2, 2-1, 2-1, 1-0, 2-1, 3-2"
6.0,0.7155949446939508,0.5295138464326892,0.7155301627987477,0.8352798451362082,0.7038079518377445,0.8350328474553018,0.9100334730498636,0.8273152476267231,0.9100516880963625,1.000993259150325,0.9999999999999971,6.0,6.0,6.0,6.0,0.9147278347957339,0.954276101467259,0.9715420011389305,0.979263853059423,0.9859431347951068,"3-2, 2-1, 2-1, 1-0, 2-1, 3-2"
9.0,0.7689012908806568,0.6096878030310379,0.7730968424891137,0.8139748841326444,0.6789998428362355,0.8174527515071923,0.8848410871966965,0.7918389856373492,0.8895457437391582,0.9956437646611898,0.999999999999994,7.0,7.0,7.0,7.0,0.9215227495028123,0.9633450589958058,0.9769118663229802,0.9785851690047208,0.9801983749987716,"3-2, 2-3, 1-0, 3-2, 3-2, 3-2, 2-1, 2-1, 2-1"
6.0,0.7350269351410548,0.5583077410462658,0.735092268853258,0.8357963195948817,0.7065637346527591,0.8359472562197334,0.9504469895473785,0.902053608286787,0.9504997902547802,1.0011513749905518,0.9999999999999978,6.0,6.0,6.0,6.0,0.93675559839083,0.969334594499944,0.9814994171810094,0.9873195604554871,0.9900477406456761,"3-2, 2-1, 2-1, 1-0, 2-1, 3-2"
6.0,0.733035177476651,0.5555966006564128,0.7329490893487788,0.8303748348369221,0.6993058708918496,0.8300440975398072,0.9514022390535111,0.9030844856307481,0.9512390414849492,1.0007674591204516,0.9999999999999962,6.0,6.0,6.0,6.0,0.9419280734264472,0.9690371782378239,0.9858703343187976,0.9899476169658661,0.9902030067226457,"3-2, 2-1, 2-1, 1-0, 2-1, 3-2"
6.0,0.7211959866048117,0.5389716117214267,0.721314935165576,0.8106152912778725,0.6672860540025981,0.8106242915620838,0.9449581441707113,0.891628807963618,0.9450096246814453,1.000937393728569,0.999999999999999,6.0,6.0,6.0,6.0,0.9337154935080159,0.964927809678601,0.9790471955022894,0.9847171262625002,0.9862076741022774,"3-2, 2-1, 2-1, 1-0, 2-1, 3-2"
6.0,0.6946992806402148,0.5069970437504923,0.6946067573082639,0.8165313717963983,0.6765459962174443,0.8168455523219905,0.0736196922717108,0.07335161699237122,0.07359421583292801,1.0008509780513541,0.9999999999999982,6.0,6.0,6.0,6.0,0.6553241433837428,0.9284786994577309,0.9512498280528193,0.954002435203206,0.9563215477186672,"3-2, 2-1, 2-1, 1-0, 2-1, 3-2"
6.0,0.6651754079635702,0.46502649272552943,0.6653283756858389,0.8237792981461626,0.6869679554053782,0.8237097189433803,0.9203546877248796,0.8456163091740163,0.9202571953007962,1.0008426839915718,0.999999999999998,6.0,6.0,6.0,6.0,0.9196140333669054,0.949637600188392,0.9741613071261025,0.9826033214635921,0.9892376696647361,"3-2, 2-1, 2-1, 1-0, 2-1, 3-2"
6.0,0.7220923771251814,0.5368274029500015,0.7221430014418733,0.8334244088539686,0.7056915513315409,0.8332490389943551,0.06915951626553973,0.06930979317893576,0.06917004802547654,1.0006432562174115,0.9999999999999973,6.0,6.0,6.0,6.0,0.6609209137105004,0.9189390536496598,0.9445881317997473,0.948434131551702,0.9490612151372129,"3-2, 2-1, 2-1, 1-0, 2-1, 3-2"
6.0,0.7101981341771306,0.5269649932292015,0.7103689331220419,0.8251028442094485,0.6916355766185238,0.8251242363557441,0.9084620101563614,0.8249784312733759,0.9084400014932669,1.0009401350793532,0.9999999999999999,6.0,6.0,6.0,6.0,0.9139765111098396,0.9564907439272554,0.974485242363895,0.9847272103481405,0.9885403323816094,"3-2, 2-1, 2-1, 1-0, 2-1, 3-2"
6.0,0.6771406920538131,0.48329250366957865,0.677132517451118,0.7950425829343247,0.6422535607734938,0.7952405443829144,0.9066012561782202,0.8212159182573905,0.9066282216110292,1.0009239393139697,0.9999999999999967,6.0,6.0,6.0,6.0,0.906959003508868,0.9507094649242095,0.9757285953965713,0.9793627541317649,0.9844947314524758,"3-2, 2-1, 2-1, 1-0, 2-1, 3-2"
6.0,0.7996732176952865,0.646140759317984,0.7996345099061114,0.7910325800605941,0.6406079729615735,0.7909919629213179,0.9474933121498971,0.8964882286898754,0.9475883630952388,1.0011173849984674,0.9999999999999986,6.0,6.0,6.0,6.0,0.9420276238229051,0.9662870913647095,0.9807994850591466,0.9846017439180954,0.9891804265857215,"3-2, 2-1, 2-1, 1-0, 2-1, 3-2"
6.0,0.7013449615749696,0.5143222322316578,0.7014310460530895,0.8096977839963826,0.6668592754802842,0.8095263342599238,0.9318857388928493,0.8672573559321903,0.9319278426862722,1.000823318679154,0.9999999999999973,6.0,6.0,6.0,6.0,0.9180063293620719,0.9592732069255077,0.9739062033474829,0.9779267520798177,0.9809206521853536,"3-2, 2-1, 2-1, 1-0, 2-1, 3-2"
6.0,0.7150704629123683,0.5367025581969551,0.7148864307889097,0.8500230101051061,0.7311527822067619,0.8500550027019022,0.9518892750661446,0.9047077489045765,0.9518085568580285,1.000905880857178,1.0,6.0,6.0,6.0,6.0,0.9450957410962127,0.9649082201932,0.9832094014511429,0.9856596006295164,0.9906224425782956,"3-2, 2-1, 2-1, 1-0, 2-1, 3-2"
6.0,0.709153421080485,0.521259827460275,0.7089506501829614,0.8209402377671197,0.6843214499591445,0.8205095203074485,0.9486566110940641,0.8991900351811617,0.9491573562353599,1.0009356706633588,0.9999999999999986,6.0,6.0,6.0,6.0,0.9418042699303543,0.9720720809825025,0.9840749337709676,0.9868842577720597,0.9890001513286054,"3-2, 2-1, 2-1, 1-0, 2-1, 3-2"
6.0,0.7024578692206991,0.5148978201204513,0.7024352579835409,0.7695484332224017,0.6117978201785594,0.7698379968376287,0.9150629085986154,0.8365732177405061,0.9148837544110064,1.0010920131822638,0.9999999999999977,6.0,6.0,6.0,6.0,0.9267926916204907,0.9623673917610853,0.9770531436097621,0.9867703300489219,0.9906783783527716,"3-2, 2-1, 2-1, 1-0, 2-1, 3-2"
6.0,0.7321085868898128,0.5585935508220489,0.7319825528972774,0.7699189531058691,0.6070780388510123,0.7699687792539872,0.9062089312978757,0.8216765105321518,0.9060537800931044,1.0007040146581474,0.9999999999999991,6.0,6.0,6.0,6.0,0.9092283963963328,0.9616885936052942,0.9786993723707927,0.98465942946575,0.9872603736106739,"3-2, 2-1, 2-1, 1-0, 2-1, 3-2"
6.0,0.5817220910740865,0.38085375133270527,0.5817268238495077,0.8032684301037788,0.6568239459166069,0.8034183933447315,0.9450565684870735,0.8916771661827954,0.944981315686808,1.0010080841743096,0.9999999999999967,6.0,6.0,6.0,6.0,0.9301959868282945,0.9684559506651645,0.9791366475787174,0.9844910770059635,0.9908325174126381,"3-2, 2-1, 2-1, 1-0, 2-1, 3-2"
6.0,0.7189248185994069,0.5345667502790934,0.7190196060846235,0.7414226950961208,0.565776337456243,0.7413347792664218,0.8963327266311583,0.8030260117405714,0.8962212784038719,1.0009018611838962,0.9999999999999984,6.0,6.0,6.0,6.0,0.9049209704660419,0.9467576826149533,0.971460067616539,0.9816121907025259,0.9893198244155993,"3-2, 2-1, 2-1, 1-0, 2-1, 3-2"
6.0,0.7037364328709735,0.5209714680925667,0.7037585372434222,0.7931591283127359,0.6420648643872495,0.7930464096283569,0.9504903146841953,0.9023148726558721,0.9506406524756957,1.0009780246740037,0.9999999999999988,6.0,6.0,6.0,6.0,0.9371157941073232,0.9674478450728721,0.9842411560188578,0.989777722830763,0.9922606552196517,"3-2, 2-1, 2-1, 1-0, 2-1, 3-2"
6.0,0.6965377262219887,0.505885696712981,0.6963746918827513,0.7956041045592024,0.645930461991132,0.7955789835953349,0.9100707530802875,0.8273133433543671,0.9098033664983599,1.0011129564266248,0.9999999999999976,6.0,6.0,6.0,6.0,0.9151311619021658,0.9565789138998445,0.9724073027007019,0.977998939355909,0.9830069257405013,"3-2, 2-1, 2-1, 1-0, 2-1, 3-2"
5.0,0.7442763331385374,0.5727114178474799,0.7487955272061962,0.8609776003294758,0.7557732511171142,0.8668189595926461,0.09570561676908386,0.09452752397275693,0.09549672018429847,0.9949773820299977,0.9999999999999987,5.0,5.0,5.0,5.0,0.7401242233500935,0.8809795259384228,0.9129834493142384,0.9756371890052566,0.9264425292057551,"3-2, 2-1, 2-3, 1-2, 0-1"
6.0,0.7217011296536062,0.5443730205980949,0.7225013095716316,0.8313221573688144,0.7004316243080716,0.8320407460254852,0.9426939141234365,0.8875682091609076,0.9428317913173178,1.000740429733243,0.9999999999999977,6.0,6.0,6.0,6.0,0.9281484621233608,0.9712122383280137,0.9800962044330225,0.9856974453808801,0.9877578840118066,"1-0, 2-1, 2-1, 1-0, 2-1, 3-2"
6.0,0.7174791982932506,0.534184374339457,0.717542648353292,0.8413274763654391,0.7152697701025389,0.841531041083051,0.9436404419648013,0.8890746362284193,0.9439098308599253,1.0009355381432745,0.9999999999999973,6.0,6.0,6.0,6.0,0.9326160808753406,0.9654620521766837,0.9786431984830489,0.983505333485316,0.9862843498938912,"3-2, 2-1, 2-1, 1-0, 2-1, 3-2"
6.0,0.7464734527306329,0.5704795805245816,0.7462244447281078,0.8450564728824506,0.7220362236472039,0.8451681399892894,0.8959232576572754,0.8024009529487787,0.8957881370934317,1.0010541633726038,0.9999999999999952,6.0,6.0,6.0,6.0,0.8963506533955649,0.9515818938875867,0.976310939466853,0.9809527218805706,0.9878624341294607,"3-2, 2-1, 2-1, 1-0, 2-1, 3-2"
5.0,0.646482592449268,0.44733401412314794,0.6500873441271454,0.8243029346961436,0.7033928757303578,0.8291001192070849,0.9193935144334145,0.8541282478229231,0.9246021375994642,0.9955534661696434,0.9999999999999973,5.0,5.0,5.0,5.0,0.9182674572216613,0.9638263593798334,0.9808281228495662,0.9852676546584024,0.990935255824702,"3-2, 2-1, 2-3, 1-0, 2-1"
7.0,0.7103990249610499,0.5235209659295609,0.710264649137851,0.8206804718581383,0.6852100903128799,0.8206486071276535,0.902653455143698,0.8144814999178581,0.902626765993159,1.0011469170740674,0.9999999999999971,7.0,7.0,7.0,7.0,0.9142230386841674,0.9630175580663723,0.9783139953001825,0.9875162116351807,0.9913479731261527,"3-2, 2-3, 2-1, 1-0, 2-1, 2-1, 3-2"
6.0,0.6808985455698274,0.5086438367852897,0.6913823353507697,0.773592518069923,0.6425546674645011,0.790693506256749,0.9235655996110282,0.8891645223084026,0.9436530375946824,0.9796187140489995,0.9999999999999971,6.0,6.0,6.0,6.0,0.9455842576387595,0.9696686160263762,0.9858901237188198,0.9862449896439952,0.9906628159841286,"3-2, 2-1, 3-2, 1-0, 2-1, 3-2"
6.0,0.761322570043506,0.5919518423279436,0.7610252711502165,0.8055361236508428,0.6585332390194508,0.8056454591253215,0.8929613070461586,0.7976408777451524,0.8934731028985051,1.0011826729086266,0.999999999999997,6.0,6.0,6.0,6.0,0.9045168510282132,0.958223141797206,0.9800619644346171,0.9835437284893681,0.9848876210195646,"3-2, 2-1, 2-1, 1-0, 2-1, 3-2"
6.0,0.6309375822101106,0.43615685967007845,0.6309246472822404,0.7806367078717622,0.6299974765893077,0.7804210275494744,0.9141181841842767,0.8348271906952214,0.9138738203304869,1.0010689547700244,1.0000000000000013,6.0,6.0,6.0,6.0,0.9157340851679275,0.9517565378426763,0.9732311328760891,0.9844382725832679,0.9849450779115584,"3-2, 2-1, 2-1, 1-0, 2-1, 3-2"
6.0,0.7349580100719927,0.5584461655853661,0.7350968108673875,0.8308794759382562,0.6992624856216672,0.8311819278414613,0.10968515506494546,0.14832067822117267,0.1097380922002496,1.000922100780781,0.9999999999999962,6.0,6.0,6.0,6.0,0.8303581279827914,0.9551864887085221,0.9746590766551801,0.9828073867174061,0.9874046552406255,"3-2, 2-1, 2-1, 1-0, 2-1, 3-2"
6.0,0.7046904270858434,0.5208917754911133,0.7048640525916727,0.8082295598917606,0.6663924676164087,0.8081958425856615,0.8874902255210143,0.7885124138661763,0.8878066913376137,1.0008536017870657,0.9999999999999988,6.0,6.0,6.0,6.0,0.9113205722221909,0.9626901367601127,0.9805245278870972,0.9861372858839103,0.9887790638319857,"3-2, 2-1, 2-1, 1-0, 2-1, 3-2"
6.0,0.7145694864907502,0.5298118379142019,0.7143934218348797,0.7827623166451164,0.6365578937299471,0.7829448550888489,0.9214517898908604,0.8486113840948543,0.9218029370866108,1.0007266105051986,1.0000000000000004,6.0,6.0,6.0,6.0,0.9201986807673024,0.963619416862697,0.9817757338486575,0.9859788106609285,0.9912393061949004,"3-2, 2-1, 2-1, 1-0, 2-1, 3-2"
6.0,0.7422825716770773,0.5693941016849651,0.7424104234843097,0.8150273766270023,0.6744687262474672,0.8149468457210646,0.914990695900363,0.8367926503091386,0.914824532786927,1.000791598379333,0.9999999999999958,6.0,6.0,6.0,6.0,0.9201455225564293,0.9587966182106064,0.9800796338156259,0.9852114125819075,0.9898502616206113,"3-2, 2-1, 2-1, 1-0, 2-1, 3-2"
6.0,0.7282897227028851,0.5448110710156123,0.7281962863418173,0.8373004305793511,0.7084571617900536,0.8370857508697366,0.8943609920924046,0.7997854007574732,0.8944451541887398,1.0010995317460119,0.9999999999999987,6.0,6.0,6.0,6.0,0.9022990550349305,0.9486460677088329,0.9762231655850362,0.9787924589818402,0.9810707204557818,"3-2, 2-1, 2-1, 1-0, 2-1, 3-2"
6.0,0.7492211704325049,0.5755745267410091,0.7493246139457551,0.7879073558434819,0.6345772026807697,0.7879510072638681,0.9499195238148355,0.900863780001002,0.9496721439915465,1.0010894993191195,0.9999999999999987,6.0,6.0,6.0,6.0,0.9463661881402089,0.9691974915738549,0.9837475070519399,0.9861150956524652,0.9901133712826089,"3-2, 2-1, 2-1, 1-0, 2-1, 3-2"
6.0,0.7580783848661243,0.5899288323927274,0.7581762168769445,0.8442429021203615,0.7179672097283941,0.844120776667064,0.9494693396162931,0.9000418498829813,0.9494710781630322,1.0011195124558534,0.9999999999999969,6.0,6.0,6.0,6.0,0.9350689547980395,0.972137014198763,0.9832399748668352,0.9845789089612239,0.9872653265196264,"3-2, 2-1, 2-1, 1-0, 2-1, 3-2"
6.0,0.7352237322698274,0.5531144425149706,0.7354372699038961,0.8010284810403502,0.6544889738168267,0.80124127289528,0.9469980366747596,0.895745100308518,0.9472717345343873,1.001220579498345,0.9999999999999983,6.0,6.0,6.0,6.0,0.943146056709832,0.9707980081838696,0.9850900072255239,0.9860949105286816,0.9888243527500109,"3-2, 2-1, 2-1, 1-0, 2-1, 3-2"
6.0,0.7366382529376679,0.5550676745590764,0.7367145094416473,0.8227488745563353,0.6828363935161312,0.8229286220606279,0.09074301026339535,0.08975333565611937,0.09073367306757245,1.000812573281446,0.9999999999999976,6.0,6.0,6.0,6.0,0.738800323258601,0.9296397712488413,0.9658088538463016,0.9715351003249199,0.9450417587897084,"3-2, 2-1, 2-1, 1-0, 2-1, 3-2"
6.0,0.7312004106554643,0.5553912029073207,0.7310715922408315,0.7909819979799864,0.6349148601364294,0.7909610989329371,0.9136741313764045,0.8338385523230656,0.9137335472229543,1.0011434746753438,0.9999999999999984,6.0,6.0,6.0,6.0,0.9149548149463013,0.9631081265488313,0.9826530310302443,0.9853503507421841,0.9899822864938709,"3-2, 2-1, 2-1, 1-0, 2-1, 3-2"
6.0,0.7099297595537156,0.5294115021103643,0.7098539473541888,0.8323008362224461,0.7008159263270239,0.8322037697701066,0.94488442853672,0.8911722834542589,0.9447401688748095,1.0010189660463913,0.9999999999999978,6.0,6.0,6.0,6.0,0.9275293064376114,0.9639950175379302,0.9754731639050147,0.9821234547076644,0.9888468499925147,"3-2, 2-1, 2-1, 1-0, 2-1, 3-2"
6.0,0.7400886327204205,0.5605427787486175,0.7407461543862657,0.8438062750051223,0.719190224834457,0.8453518339531315,0.9178009306244971,0.8445343929016076,0.9191484399064664,0.9994382509055804,0.9999999999999991,6.0,6.0,6.0,6.0,0.9243590537319571,0.9607874405941723,0.980089839906805,0.9828143031987527,0.989144907224682,"3-2, 2-1, 2-1, 1-0, 2-1, 3-2"
5.0,0.7235523971667741,0.5481772959944954,0.7275359001558104,0.7614754917065035,0.6047143540395634,0.7646432796278612,0.947836951969772,0.9065635658863898,0.9528270905295008,0.9955309074291253,0.999999999999999,5.0,5.0,5.0,5.0,0.9432126449022628,0.9649676502673097,0.9751025956593798,0.9817554340207786,0.9871508670717637,"3-2, 2-1, 2-3, 1-2, 0-1"
6.0,0.7313522017483604,0.5500674119025408,0.731423469709829,0.8184102680156053,0.6820885359533522,0.8183176172174453,0.9452425074312798,0.8919932774188168,0.9451909362255233,1.0013789194267817,0.9999999999999991,6.0,6.0,6.0,6.0,0.9308065610848293,0.9642243154947185,0.9809699218946154,0.9853847562195434,0.989637954026733,"3-2, 2-1, 2-1, 1-0, 2-1, 3-2"
6.0,0.7206682076284601,0.5403776033905607,0.7206456783149525,0.7930178561814264,0.6452809586083623,0.7930633152451003,0.13720774093600932,0.17609909771883303,0.13719787771819306,1.000727481957952,0.999999999999998,6.0,6.0,6.0,6.0,0.8771204108206183,0.9698045040895366,0.9844055351128544,0.9854026407042131,0.9889368311890833,"3-2, 2-1, 2-1, 1-0, 2-1, 3-2"
