N_entangling,fid_sampler,purity_sampler,fid_sampler_to_NN_approx,fid_sampler_no_readout,purity_sampler_no_readout,fid_sampler_no_readout_to_NN_approx,fid_noisy_state_sim,purity_noisy_state_sim,fid_noisy_state_sim_to_NN_approx,fid_ideal,purity_ideal,N_entangling_sampler,N_entangling_sampler_no_readout,N_entangling_noisy_rho,N_entangling_ideal_rho,sequence
6.0,0.5910697695552756,0.35199492142478284,0.5773476106361974,0.7164997860587248,0.5058937900194826,0.7041342330565451,0.7211749701883317,0.5116144221809159,0.7087033608758576,0.9981421893507072,0.9999999999999987,6.0,6.0,6.0,6.0,"3-2, 2-1, 2-1, 1-0, 2-1, 3-2"
6.0,0.5907620217384743,0.34763199314514626,0.5735090289520691,0.7118267860861972,0.4945365061004015,0.6957227565467883,0.713320311916812,0.4951780320233474,0.6966927826732999,0.9985483353231277,0.9999999999999988,6.0,6.0,6.0,6.0,"3-2, 2-1, 2-1, 1-0, 2-1, 3-2"
6.0,0.6020177502068103,0.3621374841435082,0.5865996144039372,0.7227872388904732,0.511566497055322,0.7085060454408623,0.7274744910641275,0.5177885162423308,0.7134339505727088,0.9986050057004965,0.9999999999999991,6.0,6.0,6.0,6.0,"3-2, 2-1, 2-1, 1-0, 2-1, 3-2"
6.0,0.5783919446791764,0.33468052664963244,0.5631675960885166,0.7012518253472871,0.4818204195722202,0.6874446758921338,0.7048620501311328,0.48589598265120215,0.690962893957766,0.9983901909461197,0.999999999999999,6.0,6.0,6.0,6.0,"3-2, 2-1, 2-1, 1-0, 2-1, 3-2"
6.0,0.5733129986813588,0.3316139195972698,0.5604457762953818,0.7025248018384548,0.4869768276522577,0.6908233392763938,0.703483276045723,0.4866910984572779,0.6914904108916851,0.9987046600916349,1.0000000000000013,6.0,6.0,6.0,6.0,"3-2, 2-1, 2-1, 1-0, 2-1, 3-2"
6.0,0.5972984551605258,0.35454051662785746,0.578776798735495,0.714476360128388,0.49793065184162766,0.6974522088049129,0.7169533880377733,0.5008498305849906,0.7000052944953845,0.9983130811463259,1.0000000000000002,6.0,6.0,6.0,6.0,"3-2, 2-1, 2-1, 1-0, 2-1, 3-2"
6.0,0.6062679771363666,0.3662974808695616,0.5892878426897227,0.7272715428578204,0.5178512067896084,0.7118499010399897,0.728914162312288,0.5190599471381971,0.7135292901538526,0.9984830585587888,1.0,6.0,6.0,6.0,6.0,"3-2, 2-1, 2-1, 1-0, 2-1, 3-2"
6.0,0.5950402097045306,0.34990933193442797,0.5755382907951783,0.7168815430125145,0.49985540518681687,0.6995887817913619,0.7213864987159962,0.5058479272499975,0.7044155161952883,0.9982198184369309,1.0000000000000004,6.0,6.0,6.0,6.0,"3-2, 2-1, 2-1, 1-0, 2-1, 3-2"
6.0,0.576897369212582,0.3340342008555831,0.5623018642406111,0.7012021207574656,0.48187534599939447,0.6868476585381382,0.7043266924616083,0.4857787546507201,0.6903931875134391,0.9988148565791289,0.9999999999999984,6.0,6.0,6.0,6.0,"3-2, 2-1, 2-1, 1-0, 2-1, 3-2"
6.0,0.6071612439529175,0.36469492437822726,0.5880150864182166,0.7262951430136411,0.514609982945944,0.7101402936100716,0.7278207378097563,0.5156306676476067,0.7114907430905841,0.9983738267347306,0.9999999999999999,6.0,6.0,6.0,6.0,"3-2, 2-1, 2-1, 1-0, 2-1, 3-2"
6.0,0.606300325375305,0.3731549558467401,0.5944019090561308,0.730807203889182,0.5292253332075666,0.7197988688196286,0.7330744524455911,0.5321631786584662,0.7224700439630345,0.9991832202920788,1.0000000000000002,6.0,6.0,6.0,6.0,"3-2, 2-1, 2-1, 1-0, 2-1, 3-2"
6.0,0.5851153493388788,0.34536166345234975,0.5708963500947324,0.7054422642716041,0.4903659602672563,0.6920324333373928,0.7073240459639253,0.492652202158279,0.6946079269912357,0.9989794242872498,1.0000000000000007,6.0,6.0,6.0,6.0,"3-2, 2-1, 2-1, 1-0, 2-1, 3-2"
7.0,0.5502308444638743,0.3072881463201218,0.5342647655903148,0.6622222496244391,0.4323606478694896,0.6471075565759694,0.663678404540247,0.4337037129004414,0.6492170671157033,0.9984469506187692,1.0000000000000002,7.0,7.0,7.0,7.0,"3-2, 2-1, 2-1, 2-1, 1-0, 2-1, 3-2"
6.0,0.598517245193289,0.35897501926478564,0.5841885802863778,0.7231343975541005,0.5124177910126315,0.7093793885520074,0.7263628570958091,0.5165918476420567,0.7127379925521492,0.9987606930522063,0.9999999999999996,6.0,6.0,6.0,6.0,"3-2, 2-1, 2-1, 1-0, 2-1, 3-2"
6.0,0.5995867257279935,0.36258857847542325,0.5865778039272485,0.7233175760455928,0.5158590601578072,0.711570055198949,0.7262325786833136,0.5186951102198796,0.7142148712308314,0.998757893881181,1.000000000000001,6.0,6.0,6.0,6.0,"3-2, 2-1, 2-1, 1-0, 2-1, 3-2"
6.0,0.5887478903055074,0.3414837344601302,0.5684621656351235,0.7086115299168849,0.48739356900521696,0.6907589784867851,0.7088903902935526,0.48857007913116657,0.6925280241913424,0.9981894690897779,1.0000000000000004,6.0,6.0,6.0,6.0,"3-2, 2-1, 2-1, 1-0, 2-1, 3-2"
6.0,0.5755982073715267,0.3371752340242512,0.5651311585541773,0.699764889037945,0.4869359051149931,0.6906276812065515,0.7029177322041373,0.4904057845101467,0.6940697140737178,0.9975652216946302,0.9999999999999992,6.0,6.0,6.0,6.0,"3-2, 2-1, 2-1, 1-0, 2-1, 3-2"
6.0,0.5885898620941277,0.34593734850455554,0.5724341992539794,0.7087052122803831,0.4914018452878413,0.693254615028712,0.7139161329072855,0.49783027773579747,0.6986594352202511,0.9982883265721947,1.0000000000000002,6.0,6.0,6.0,6.0,"3-2, 2-1, 2-1, 1-0, 2-1, 3-2"
6.0,0.5923707190672937,0.3562590012551776,0.5806705618170089,0.7161910892740133,0.5081247105694592,0.705465994065815,0.7173860172186266,0.5094322127432251,0.7067828407378578,0.9989171138715682,0.9999999999999972,6.0,6.0,6.0,6.0,"3-2, 2-1, 2-1, 1-0, 2-1, 3-2"
7.0,0.6025051004841772,0.3665481535498998,0.5874534228532926,0.7243127924492777,0.5181489839048722,0.7110013129790397,0.7294321493115059,0.5231256789851099,0.7151132234380317,0.9959534434238063,0.9999999999999997,7.0,7.0,7.0,7.0,"3-2, 2-1, 2-3, 2-3, 1-0, 2-1, 2-1"
7.0,0.5904953303007036,0.3501211856614911,0.5750232573083313,0.7110877576217487,0.4974284498131524,0.6982088818122545,0.7140414737081813,0.500286043882617,0.7008047163328612,0.9987289372480542,0.9999999999999996,7.0,7.0,7.0,7.0,"3-2, 2-1, 2-3, 2-1, 1-0, 2-1, 3-2"
6.0,0.5882933322570386,0.3454889667728184,0.5703340961850142,0.7130600222914517,0.4979487487235704,0.6976516438202589,0.7132572462484074,0.4968000212933056,0.6975827095396524,0.9985417304710926,0.9999999999999996,6.0,6.0,6.0,6.0,"3-2, 2-1, 2-1, 1-0, 2-1, 3-2"
5.0,0.6462627589687765,0.4153665391371132,0.6318739557600132,0.7822918317529627,0.601425073105698,0.7707471666640839,0.7871576880876067,0.6088724837950619,0.7759611167643121,0.996748798960636,0.9999999999999997,5.0,5.0,5.0,5.0,"3-2, 2-1, 2-3, 1-0, 2-1"
6.0,0.5951525970771049,0.3583640599036065,0.5837549493425603,0.721910999214084,0.5162233915157672,0.7113940134518834,0.7271488135488102,0.5224897909806783,0.7163889571273303,0.9990883535401159,1.0,6.0,6.0,6.0,6.0,"3-2, 2-1, 2-1, 1-0, 2-1, 3-2"
6.0,0.5880069133008117,0.33786814500554274,0.565761434994882,0.7118583114865962,0.48955052847170916,0.6923592002069211,0.7158118860845538,0.4938870066386119,0.696046012969338,0.9979104573198201,1.0000000000000007,6.0,6.0,6.0,6.0,"3-2, 2-1, 2-1, 1-0, 2-1, 3-2"
6.0,0.5900580300045921,0.34836895650674177,0.5742866080531883,0.7127153693306045,0.4983475243757837,0.6984217095661537,0.7157172571815739,0.5024022190942776,0.7019637846126958,0.9985760823050865,1.0000000000000016,6.0,6.0,6.0,6.0,"3-2, 2-1, 2-1, 1-0, 2-1, 3-2"
6.0,0.6042270403282968,0.35686395088084216,0.5822284795047759,0.7308938239501612,0.5148190917979822,0.7107521538669236,0.7326734635141952,0.5166178745304,0.7125847832221734,0.9979593101325479,1.0000000000000009,6.0,6.0,6.0,6.0,"3-2, 2-1, 2-1, 1-0, 2-1, 3-2"
6.0,0.5846178436694531,0.344559133141378,0.5723508606932596,0.7150968198424343,0.5037561092259802,0.7034892911795163,0.7154165048383828,0.5040015416366291,0.7044093637851419,0.9988719115011228,1.0,6.0,6.0,6.0,6.0,"3-2, 2-1, 2-1, 1-0, 2-1, 3-2"
6.0,0.5896912923375562,0.34980684901964615,0.576822603456973,0.718894011836715,0.5097641079301871,0.7078524941471022,0.7181270049164059,0.507534579864279,0.7068239917445615,0.9986982770416186,1.0,6.0,6.0,6.0,6.0,"3-2, 2-1, 2-1, 1-0, 2-1, 3-2"
6.0,0.5907444821827482,0.3492358539267544,0.5766575144042498,0.7151237184107399,0.5015249965574893,0.7019022799607175,0.7194540792750576,0.507436010059624,0.7066766913709365,0.9985507223240557,0.9999999999999999,6.0,6.0,6.0,6.0,"3-2, 2-1, 2-1, 1-0, 2-1, 3-2"
6.0,0.593297396845373,0.3483198780373542,0.5747595433822101,0.7216105162723075,0.5064684874014359,0.7048396744669726,0.7249121279940384,0.510206119511032,0.7082633004413569,0.9980625583475806,0.9999999999999987,6.0,6.0,6.0,6.0,"2-3, 2-1, 2-1, 1-0, 2-1, 3-2"
6.0,0.5810023828464419,0.34004275588025895,0.5676657002771228,0.7080594668517056,0.49348808039939296,0.695367992011213,0.7091935774743086,0.4946186656333929,0.696760903488909,0.9988064735869393,0.9999999999999974,6.0,6.0,6.0,6.0,"3-2, 2-1, 2-1, 1-0, 2-1, 3-2"
6.0,0.5810222220306605,0.33475382410881493,0.5626560132991216,0.7087241538540383,0.4888684004492362,0.6917415095457436,0.7108783282041623,0.491185925664984,0.6944043121326603,0.9975872006239584,0.9999999999999989,6.0,6.0,6.0,6.0,"3-2, 2-1, 2-1, 1-0, 2-1, 3-2"
6.0,0.5905458903994852,0.3474279932028759,0.5749561857232166,0.7187685107083742,0.5062232743621173,0.7053866149802468,0.7214241121341819,0.5094925280946225,0.7080844822248513,0.9984711606097488,1.0000000000000002,6.0,6.0,6.0,6.0,"3-2, 2-1, 2-1, 1-0, 2-1, 3-2"
6.0,0.5828649219437435,0.3423081531643014,0.5700163810806439,0.7124602192596442,0.4999841687904249,0.7009486136414229,0.7167064275834291,0.5053540414942143,0.7051935972926207,0.9988229224197309,0.9999999999999998,6.0,6.0,6.0,6.0,"3-2, 2-1, 2-1, 1-0, 2-1, 3-2"
7.0,0.5987592370338728,0.3584883451930756,0.5837898624571227,0.7230344048386848,0.5130993172291154,0.7102543873232798,0.7263976221867796,0.5165610663158656,0.713281797546822,0.9982580211743337,0.9999999999999993,7.0,7.0,7.0,7.0,"3-2, 2-1, 2-3, 1-0, 2-1, 1-0, 3-2"
6.0,0.5867629872112037,0.3445156552032718,0.5703631303308578,0.7082831778152616,0.4923101419851445,0.693755240482152,0.7114894863479948,0.49617229279555053,0.6971435543829418,0.998373946556266,0.9999999999999993,6.0,6.0,6.0,6.0,"3-2, 2-1, 2-1, 1-0, 2-1, 3-2"
6.0,0.59652234776381,0.35343193441761345,0.5773091544044356,0.7175393735281598,0.5023647514871666,0.700757347710111,0.720050565391035,0.504253466349984,0.703021253660051,0.9978978379023602,1.0000000000000007,6.0,6.0,6.0,6.0,"1-0, 2-1, 2-1, 1-0, 2-1, 3-2"
6.0,0.599524853794106,0.35717434109616386,0.5826404333531685,0.71908664557684,0.5042199007432736,0.703546754988387,0.722425735832834,0.5078267901122369,0.706734218015556,0.9981500132345726,0.9999999999999997,6.0,6.0,6.0,6.0,"3-2, 2-1, 2-1, 1-0, 2-1, 3-2"
6.0,0.6108416832089394,0.37014177205278953,0.5929597670993758,0.7282021003907867,0.5183590906432984,0.7127041259663094,0.7328290305507145,0.5237168208259517,0.7170521330380183,0.9981971562694956,0.9999999999999999,6.0,6.0,6.0,6.0,"3-2, 2-1, 2-1, 1-0, 2-1, 3-2"
6.0,0.6120649694489971,0.3679741465296964,0.5904537192044013,0.7327196069963859,0.5206002383339183,0.7140262421390418,0.7361796166062742,0.5252673131000594,0.7177893046782511,0.9978169058609065,0.9999999999999982,6.0,6.0,6.0,6.0,"3-2, 2-1, 2-1, 1-0, 2-1, 3-2"
6.0,0.5814644237933801,0.3379943961962859,0.5653481324264416,0.7061908692569132,0.4881888083377278,0.6914295018664716,0.7092386326430135,0.4915962981414168,0.6945012804893922,0.9985390293119197,1.0000000000000004,6.0,6.0,6.0,6.0,"3-2, 2-1, 2-1, 1-0, 2-1, 3-2"
6.0,0.59774923200211,0.3537809745310513,0.5805716296456347,0.7218726240570583,0.5083181438214328,0.7067417209451199,0.7251678155739065,0.5123728399381698,0.7101191785856329,0.9977025152850125,1.000000000000001,6.0,6.0,6.0,6.0,"3-2, 2-1, 2-1, 1-0, 2-1, 3-2"
6.0,0.5974271295140808,0.3567147190617165,0.5822154557859515,0.7216460561089257,0.5115260090814849,0.7087769250841733,0.7239027275309562,0.5141516688517852,0.7110734869214201,0.9984844345448887,0.9999999999999993,6.0,6.0,6.0,6.0,"3-2, 2-1, 2-1, 1-0, 2-1, 3-2"
6.0,0.5903876932597761,0.35067275866607006,0.5758038880979737,0.7106594306725155,0.4967727228413269,0.6971431670501278,0.7161131934385464,0.5033182276169564,0.7024652259281503,0.9986809842096916,1.0000000000000002,6.0,6.0,6.0,6.0,"3-2, 2-1, 2-1, 1-0, 2-1, 3-2"
6.0,0.5884908681144381,0.3465417871442167,0.5730873648697417,0.7101532010201947,0.49429565271303677,0.6959572961227067,0.7123706661218079,0.4965409106676172,0.6981374560763239,0.9986739607232903,1.0,6.0,6.0,6.0,6.0,"3-2, 2-1, 2-1, 1-0, 2-1, 3-2"
6.0,0.5883044216001058,0.345680813550987,0.5723378802225116,0.706305021391911,0.4884848636333528,0.6911974191845273,0.7108975010189537,0.4940714912487752,0.6962814311033436,0.9984378303328904,0.9999999999999999,6.0,6.0,6.0,6.0,"3-2, 2-1, 2-1, 1-0, 2-1, 3-2"
6.0,0.5805971728948701,0.3345527847253777,0.5625745864439453,0.7035483738577372,0.4821675049691469,0.6871767447023257,0.7085181547679938,0.48904864894327943,0.6928312380266701,0.9980846412926289,1.0000000000000013,6.0,6.0,6.0,6.0,"3-2, 2-1, 2-1, 1-0, 2-1, 3-2"
6.0,0.5845295429030076,0.34420388553420206,0.5709402733067932,0.7068772280018594,0.49310258598213214,0.6948597441442939,0.7112292513102937,0.49872934565069027,0.6995346098436646,0.9987758043313176,0.999999999999999,6.0,6.0,6.0,6.0,"3-2, 2-1, 2-1, 1-0, 2-1, 3-2"
6.0,0.5810456275011772,0.33975434411436245,0.5658355951102558,0.70696139776357,0.4912846177902136,0.6932224323420666,0.7095522580934621,0.4934256252336775,0.6952615711841736,0.9987485546288996,1.0,6.0,6.0,6.0,6.0,"3-2, 2-1, 2-1, 1-0, 2-1, 3-2"
6.0,0.5875167273052704,0.34294703293276324,0.5691534003744865,0.7114059168720226,0.49243887122458835,0.6941147937241423,0.7141866447135607,0.4956675384158017,0.6969327581036846,0.9984975957854663,1.0000000000000004,6.0,6.0,6.0,6.0,"3-2, 2-1, 2-1, 1-0, 2-1, 3-2"
6.0,0.6056061902993103,0.37364656925854994,0.5933176455803724,0.7269061991713137,0.5236357968213007,0.7156708788429633,0.7289335054149066,0.5262669077412837,0.7182217179521038,0.9990056790066546,1.0,6.0,6.0,6.0,6.0,"3-2, 2-1, 2-1, 1-0, 2-1, 3-2"
6.0,0.6152418709545481,0.3814817961633183,0.601684882408849,0.7332298278953492,0.5304101117917663,0.7210126087790623,0.737540465158455,0.5360230943311637,0.7255221614596699,0.9987841602021206,0.9999999999999996,6.0,6.0,6.0,6.0,"3-2, 2-1, 2-1, 1-0, 2-1, 3-2"
6.0,0.6217303828502365,0.38088356247481725,0.600631201557513,0.7398505754376796,0.5322434920388476,0.7216560421687236,0.7435697114484296,0.5363204253370963,0.7249408475561397,0.9978256237560188,1.0000000000000009,6.0,6.0,6.0,6.0,"3-2, 2-1, 2-1, 1-0, 2-1, 3-2"
6.0,0.6099323193318028,0.36888228895547015,0.5919401703828369,0.7298701512687858,0.5189721039675115,0.7135128377349014,0.7299265810694073,0.5181334262426294,0.713241347763772,0.9983809742318132,0.9999999999999993,6.0,6.0,6.0,6.0,"3-2, 2-1, 2-1, 1-0, 2-1, 3-2"
6.0,0.5956145960920659,0.35853888025098846,0.5820078847870245,0.7186883461859689,0.5104493049785022,0.7064243276051531,0.7193775044056588,0.5112511429251891,0.7072491183533305,0.9989187635125872,1.0000000000000002,6.0,6.0,6.0,6.0,"3-2, 2-1, 2-1, 1-0, 2-1, 3-2"
6.0,0.5913434988762597,0.3509661747933043,0.5767163040894616,0.7119652161428758,0.500069399475569,0.6995755128960661,0.7139383573463827,0.5017688248607997,0.7013494660253903,0.9987083279742547,0.9999999999999992,6.0,6.0,6.0,6.0,"3-2, 2-1, 2-1, 1-0, 2-1, 3-2"
6.0,0.6000483164338162,0.359057221462435,0.5841476443768742,0.7265552881391698,0.514882609633702,0.7110533313551265,0.7283547374354217,0.5175731737326061,0.7133792513507633,0.9986715847965202,1.0000000000000002,6.0,6.0,6.0,6.0,"3-2, 2-1, 2-1, 1-0, 2-1, 3-2"
6.0,0.5989128199861176,0.3591052294777838,0.583858247370733,0.7252836149193137,0.5156807230050138,0.7115235602614782,0.7289563453264902,0.5201274539296079,0.7151537704725831,0.9984154453781137,1.0,6.0,6.0,6.0,6.0,"3-2, 2-1, 2-1, 1-0, 2-1, 3-2"
6.0,0.5921307558554818,0.3515983833921964,0.5785501928717744,0.7185777542209429,0.5081235881057118,0.7065571761167388,0.7222900015789726,0.5122635269366127,0.7100011536247811,0.9987085550969262,1.000000000000001,6.0,6.0,6.0,6.0,"3-2, 2-1, 2-1, 1-0, 2-1, 3-2"
6.0,0.5803589300737617,0.34098978916502454,0.5679446107993685,0.7007001273881448,0.4855973985265089,0.6893440729411418,0.70516176444264,0.49039180271364435,0.6937925206445934,0.9990126444485583,1.000000000000001,6.0,6.0,6.0,6.0,"3-2, 2-1, 2-1, 1-0, 2-1, 3-2"
6.0,0.5967529255207112,0.35882649972437264,0.5833676256315588,0.7219509157107746,0.5140171995241634,0.7100085744660556,0.7260122188049366,0.5195364034163742,0.7142504321441421,0.996870586496051,1.0000000000000002,6.0,6.0,6.0,6.0,"3-2, 2-1, 2-1, 1-0, 2-1, 3-2"
6.0,0.5876639315930955,0.3535481518008955,0.5784234214601094,0.7132994599178366,0.5063234800538613,0.7045020246178263,0.7172947810258048,0.5113769121869107,0.7084887525113656,0.9994240978220268,1.0000000000000013,6.0,6.0,6.0,6.0,"3-2, 2-1, 2-1, 1-0, 2-1, 3-2"
6.0,0.6076872473895768,0.3697256685763385,0.5917295072645,0.7342186022249553,0.5284969929594716,0.7193697186935155,0.7374978085667335,0.5333283190907264,0.723127422763399,0.998488222756235,1.0000000000000009,6.0,6.0,6.0,6.0,"3-2, 2-1, 2-1, 1-0, 2-1, 3-2"
6.0,0.5909764216015649,0.3528965039669222,0.57642556373835,0.7172699149933407,0.5061339904652259,0.7033881262572368,0.7173169599479545,0.5061131150118119,0.7039897797716039,0.9984882294858529,0.9999999999999994,6.0,6.0,6.0,6.0,"3-2, 2-1, 2-1, 1-0, 2-1, 3-2"
6.0,0.5899142111234419,0.34879779266579314,0.5753863575423914,0.7144476190080508,0.5016820729081799,0.7014928694955976,0.7198365201665092,0.5083369972507682,0.707036588717407,0.9988005673231075,1.0,6.0,6.0,6.0,6.0,"3-2, 2-1, 2-1, 1-0, 2-1, 3-2"
6.0,0.5817628396303076,0.3447928648373793,0.5713719893968694,0.7032238591130219,0.4921490803079694,0.6939296931489989,0.7068807822254785,0.4957856639464834,0.697358236225353,0.9993098317614818,0.9999999999999978,6.0,6.0,6.0,6.0,"3-2, 2-1, 2-1, 1-0, 2-1, 3-2"
6.0,0.5932397690214375,0.35537290175328023,0.5813141386038353,0.7194300907649214,0.5109410685575768,0.708336301481649,0.7236240591185342,0.5170474588579799,0.7131883832070903,0.9990709480845563,1.0,6.0,6.0,6.0,6.0,"3-2, 2-1, 2-1, 1-0, 2-1, 3-2"
6.0,0.5948189258260749,0.3517278838955206,0.5781758994902233,0.7207038687950995,0.5080578342477999,0.7062042832357248,0.7247245730741203,0.5126423565050935,0.710116319937442,0.997942641938967,0.9999999999999991,6.0,6.0,6.0,6.0,"3-2, 2-1, 2-1, 1-0, 2-1, 3-2"
6.0,0.6057591187965562,0.3702007461499467,0.5911457148478647,0.7281193133282045,0.523471360677434,0.7151885170456539,0.7281096115422374,0.5227119230923573,0.7152836131974663,0.9985163261210805,1.0000000000000016,6.0,6.0,6.0,6.0,"3-2, 2-1, 2-1, 1-0, 2-1, 3-2"
6.0,0.5965786885725672,0.3525960390062415,0.5765107076121971,0.7190445195849633,0.5058666439037197,0.7023029484736165,0.720369428010205,0.5059791773592002,0.7033260039140121,0.9980844328805732,1.0,6.0,6.0,6.0,6.0,"3-2, 2-1, 2-1, 1-0, 2-1, 3-2"
6.0,0.5817621363814625,0.3372196832563541,0.5646933934837106,0.706973193487461,0.4895494793587598,0.6922126432561725,0.7074492907364053,0.4890830277424908,0.6926751364063901,0.9977892620733254,1.0000000000000007,6.0,6.0,6.0,6.0,"3-2, 2-1, 2-1, 1-0, 2-1, 3-2"
6.0,0.5869098482344143,0.34509539290674973,0.5720000704381296,0.7186090801282151,0.5064168169352978,0.7051214483818404,0.7195443254766324,0.5065521737387424,0.7058801316457435,0.998617329715957,0.9999999999999969,6.0,6.0,6.0,6.0,"3-2, 2-1, 2-1, 1-0, 2-1, 3-2"
6.0,0.5972691652202581,0.35257608646613126,0.5796628885819368,0.7214678729718272,0.5084682919786836,0.7069614802842674,0.7251909496843593,0.5120774317894448,0.7100508906572203,0.9982647615032746,0.9999999999999991,6.0,6.0,6.0,6.0,"3-2, 2-1, 2-1, 1-0, 2-1, 3-2"
6.0,0.6005218500503006,0.3581477946763158,0.5828601817688236,0.7271087017329102,0.5167496968158981,0.7120062485711869,0.7301054498574566,0.5193290696084307,0.7145247207529773,0.9978925954754969,0.9999999999999993,6.0,6.0,6.0,6.0,"3-2, 2-1, 2-1, 1-0, 2-1, 3-2"
6.0,0.5903982435249552,0.3470834899428338,0.5740291305539331,0.7185902295086432,0.5045940411938861,0.7040636923063657,0.7217528871264584,0.5082745012772851,0.7072892341900607,0.9987339690847395,1.0000000000000018,6.0,6.0,6.0,6.0,"3-2, 2-1, 2-1, 1-0, 2-1, 3-2"
6.0,0.580634732693807,0.3388404403814559,0.5661662890329611,0.7021999937099361,0.4854763059103239,0.6895664141587284,0.7043249917575598,0.48753093758163807,0.691739615058245,0.9985737454612837,1.0000000000000004,6.0,6.0,6.0,6.0,"3-2, 2-1, 2-1, 1-0, 2-1, 3-2"
6.0,0.5936864909923447,0.3539817584464249,0.579082445051065,0.7237136215910352,0.515677583255728,0.7111146303064728,0.7281912688931966,0.5212638378426356,0.7154494981155817,0.9977734272822782,1.0000000000000013,6.0,6.0,6.0,6.0,"3-2, 2-1, 2-1, 1-0, 2-1, 3-2"
6.0,0.5884502971004488,0.34521700706687686,0.572602932633669,0.7160043766470402,0.5014832664265292,0.701611617845864,0.7201710033165112,0.506685858725116,0.7061116411503728,0.9983592200778089,1.0000000000000018,6.0,6.0,6.0,6.0,"3-2, 2-1, 2-1, 1-0, 2-1, 3-2"
6.0,0.5927732586703512,0.3491271224134229,0.5764625255779822,0.7208817927591133,0.5070221975450693,0.7059922512077348,0.723948122785701,0.5107285306366128,0.7089210530425644,0.9977000762328642,1.0,6.0,6.0,6.0,6.0,"3-2, 2-1, 2-1, 1-0, 2-1, 3-2"
6.0,0.5903351442118001,0.3502009396618244,0.5769614863853276,0.7168450375381493,0.506371933198347,0.7050340494199825,0.7200605230518384,0.5098530540263799,0.7079680102747625,0.9987631055402442,0.9999999999999978,6.0,6.0,6.0,6.0,"3-2, 2-1, 2-1, 1-0, 2-1, 3-2"
6.0,0.5877692383653615,0.3377351774427646,0.5651230227842234,0.7086073815876068,0.48895014809600457,0.6914638656152348,0.7145542616113011,0.49257606654613434,0.6950178703751783,0.9975113653823604,0.9999999999999991,6.0,6.0,6.0,6.0,"3-2, 2-1, 2-1, 1-0, 2-1, 3-2"
6.0,0.5903361376123296,0.3458111233410853,0.5721546195683709,0.7138600449840162,0.4955713522918804,0.6967344139000805,0.7138725779027804,0.49502429264437725,0.696992285238203,0.998111969818158,0.9999999999999991,6.0,6.0,6.0,6.0,"3-2, 2-1, 2-1, 1-0, 2-1, 3-2"
6.0,0.5956447057144952,0.35446852722957994,0.5794961447081534,0.7272915361604647,0.51715294690333,0.7125585810503983,0.7293360306024865,0.5195089701065261,0.7146465250664114,0.9986785751486025,1.0000000000000002,6.0,6.0,6.0,6.0,"3-2, 2-1, 2-1, 1-0, 2-1, 3-2"
6.0,0.5836660726665596,0.34659087505388125,0.5733735399981011,0.7131807206209719,0.5040196265627432,0.7034489262087702,0.7167671797586371,0.508284702507807,0.7072416343513916,0.9990369185329169,0.9999999999999979,6.0,6.0,6.0,6.0,"3-2, 2-1, 2-1, 1-0, 2-1, 3-2"
6.0,0.5811492508740203,0.33703542525316443,0.5646631904043911,0.7094129194877014,0.4904764413388692,0.693113727030306,0.7119148902275202,0.494587411830621,0.6966587228668746,0.9984513577033796,0.9999999999999984,6.0,6.0,6.0,6.0,"3-2, 2-1, 2-1, 1-0, 2-1, 3-2"
6.0,0.5771640426009156,0.3366315403071335,0.5633821043527334,0.7068621412419327,0.4924205908973105,0.6942288586824462,0.7062837892307603,0.4904207631883345,0.6936824810777502,0.9986485327033289,0.9999999999999989,6.0,6.0,6.0,6.0,"3-2, 2-1, 2-1, 1-0, 2-1, 3-2"
6.0,0.5980718767058683,0.35564078044914393,0.5806978918148391,0.7215044869758634,0.5089090416949951,0.7064754519024268,0.7245827404826188,0.512177025503948,0.709293523642624,0.9985540216298884,0.9999999999999989,6.0,6.0,6.0,6.0,"3-2, 2-1, 2-1, 1-0, 2-1, 3-2"
6.0,0.600841845470488,0.3551222058981769,0.5802871123513904,0.7262972315069482,0.5112053846241214,0.7082866300152224,0.7284874000043309,0.5144701164570358,0.7111285224996081,0.9977591463920641,0.9999999999999994,6.0,6.0,6.0,6.0,"3-2, 2-1, 2-1, 1-0, 2-1, 3-2"
6.0,0.5921343901872628,0.34581666598121863,0.5728007373798365,0.7182716409141098,0.5005491755063665,0.700302664706552,0.7210334530198353,0.5042940808009952,0.7034690719849181,0.9977984351292812,0.999999999999998,6.0,6.0,6.0,6.0,"3-2, 2-1, 2-1, 1-0, 2-1, 3-2"
6.0,0.5913244177787013,0.3419457808196928,0.5694277893697628,0.7172583092803292,0.49681273166182893,0.697584726138269,0.7218747270876006,0.5022560566859366,0.7020335023224977,0.9976306788367637,0.9999999999999991,6.0,6.0,6.0,6.0,"3-2, 2-1, 2-1, 1-0, 2-1, 3-2"
6.0,0.6007592470538157,0.3537603308178746,0.579922075116247,0.7239201484635378,0.5073943798349079,0.7057327487761412,0.7295669282803979,0.5145480361964243,0.7113893317792103,0.9980667480224277,0.9999999999999987,6.0,6.0,6.0,6.0,"3-2, 2-1, 2-1, 1-0, 2-1, 3-2"
6.0,0.5967698826698526,0.35067682174217774,0.5775606367336419,0.7215528527532618,0.5047849302098129,0.7040614357559235,0.7250933445962575,0.5094349453671128,0.7077413338740756,0.9981733299652088,1.0000000000000027,6.0,6.0,6.0,6.0,"3-2, 2-1, 2-1, 1-0, 2-1, 3-2"
6.0,0.6004488891680274,0.35733992753958876,0.5821778592927884,0.7274279628751623,0.5143122042783037,0.7106149173503882,0.727083172766157,0.5137383219181075,0.7108391314195934,0.9984077490890808,1.0000000000000016,6.0,6.0,6.0,6.0,"3-2, 2-1, 2-1, 1-0, 2-1, 3-2"
6.0,0.5918309838025191,0.35543571843730587,0.580434130189157,0.7168561845527929,0.5087932843047914,0.7064700769296806,0.7185569705343373,0.5104461971515066,0.7083380872569319,0.9989179358133996,0.9999999999999988,6.0,6.0,6.0,6.0,"3-2, 2-1, 2-1, 1-0, 2-1, 3-2"
6.0,0.592501659561052,0.35249817512682713,0.5786463430836024,0.7197836699950723,0.5102610909028245,0.7077012099339444,0.7231250689008746,0.5139777972490052,0.7108140645507957,0.9987531738721661,1.0000000000000009,6.0,6.0,6.0,6.0,"3-2, 2-1, 2-1, 1-0, 2-1, 3-2"
6.0,0.5977597638392799,0.3589557082839361,0.5835761785091851,0.7242976481395073,0.5174917137863924,0.7125992603470639,0.7289705105798011,0.5225092384938734,0.7165361421299838,0.9984425136236367,1.0,6.0,6.0,6.0,6.0,"3-2, 2-1, 2-1, 1-0, 2-1, 3-2"
6.0,0.619981661708923,0.38860928557931435,0.6064952122741982,0.7363768565380565,0.532335207081911,0.7223524863333829,0.7387529615498745,0.535870209392921,0.7254322593795971,0.9983387421855129,1.000000000000002,6.0,6.0,6.0,6.0,"3-2, 2-1, 2-1, 1-0, 2-1, 3-2"
6.0,0.6189684281933677,0.380735389773392,0.6013664665375067,0.7406331744241876,0.5360335237592482,0.7248920329870601,0.7440882554201762,0.5401862191298059,0.7285099376120073,0.9954811159998842,0.999999999999999,6.0,6.0,6.0,6.0,"3-2, 2-1, 2-1, 1-0, 2-1, 3-2"
6.0,0.5864945936835639,0.34215986700142786,0.56857263705115,0.7144871621794605,0.49723179066353196,0.6978201939747735,0.7145856485554085,0.49730652789600627,0.698529108531039,0.9980845129210175,1.0000000000000009,6.0,6.0,6.0,6.0,"3-2, 2-1, 2-1, 1-0, 2-1, 3-2"
6.0,0.6043585682389264,0.3647556704265719,0.5890812823712547,0.727652689591365,0.5200079340804336,0.7144594938377802,0.7308547092413827,0.5236873880188926,0.7174912930343491,0.9985957116056506,0.9999999999999996,6.0,6.0,6.0,6.0,"3-2, 2-1, 2-1, 1-0, 2-1, 3-2"
6.0,0.6099031445543791,0.36662141099760687,0.588790693374261,0.7311901684335734,0.5195524327381418,0.7132271191483563,0.7334777645077399,0.5221360454077398,0.7156152715107775,0.9978667365636278,1.000000000000001,6.0,6.0,6.0,6.0,"3-2, 2-1, 2-1, 1-0, 2-1, 3-2"
6.0,0.6080102442806483,0.3756101176843615,0.5962171961215317,0.7323989040172009,0.5327647130168769,0.7223137610615239,0.7347042444219728,0.5362756183771926,0.7249922309647541,0.9947186150884239,0.9999999999999988,6.0,6.0,6.0,6.0,"3-2, 2-1, 2-1, 1-0, 2-1, 3-2"
6.0,0.5796879392946517,0.33662654460938785,0.5638625673947888,0.7031673446665292,0.4866126654054952,0.6900135771521811,0.7062199220779928,0.4896720482457716,0.6928062584727541,0.9973764554013759,1.0000000000000004,6.0,6.0,6.0,6.0,"3-2, 2-1, 2-1, 1-0, 2-1, 3-2"
6.0,0.5838786627627961,0.33870667643577446,0.5668240417846488,0.7057298386959957,0.48651837381577295,0.6903898074378239,0.7087218403620537,0.4900597429365394,0.6933452011760206,0.9976135866907709,0.9999999999999986,6.0,6.0,6.0,6.0,"3-2, 2-1, 2-1, 1-0, 2-1, 3-2"
6.0,0.5966390585572688,0.35508093833863297,0.5811923672952248,0.7229628866482021,0.5122148305015842,0.7092289311872082,0.7246449561625659,0.5145648889653192,0.711322965041076,0.9983517081829241,0.9999999999999991,6.0,6.0,6.0,6.0,"3-2, 2-1, 2-1, 1-0, 2-1, 3-2"
6.0,0.6019052291165001,0.35821153941934347,0.5838261707787975,0.7282199467476645,0.5160044414464295,0.7120816127560996,0.7301750105903063,0.518168842868937,0.7140576008987223,0.9977482382661385,0.9999999999999999,6.0,6.0,6.0,6.0,"3-2, 2-1, 2-1, 1-0, 2-1, 3-2"
6.0,0.6079259890438969,0.3688366246507724,0.5919683052277968,0.7289806295065266,0.5205026788681103,0.7142283310492545,0.7311344539733303,0.523199554644088,0.7164957112154328,0.9985734600493892,0.9999999999999993,6.0,6.0,6.0,6.0,"3-2, 2-1, 2-1, 1-0, 2-1, 3-2"
6.0,0.6049076014875522,0.3698724895967989,0.5925802743929678,0.7274304195183495,0.522902483236272,0.7159467609471155,0.7309364978815691,0.5278688433640977,0.7199660218647141,0.9989999469711328,0.9999999999999999,6.0,6.0,6.0,6.0,"3-2, 2-1, 2-1, 1-0, 2-1, 3-2"
6.0,0.5913364991172294,0.3545363193181008,0.5794639006596922,0.719736145739636,0.5120445285118281,0.7087699606092154,0.7210161235891939,0.5133112970035817,0.7100977886972696,0.9991837509216053,0.9999999999999976,6.0,6.0,6.0,6.0,"3-2, 2-1, 2-1, 1-0, 2-1, 3-2"
6.0,0.6039213567233128,0.3654322571406005,0.5894313086935634,0.73003730745331,0.5232296794817216,0.7166580531475597,0.7310590331278549,0.5244221617894174,0.7179814920860588,0.9987011028921875,0.9999999999999976,6.0,6.0,6.0,6.0,"3-2, 2-1, 2-1, 1-0, 2-1, 3-2"
6.0,0.5968131698613758,0.3548159913839134,0.5805708030357761,0.7224020079883248,0.509640739186128,0.7074420904483107,0.7266466322536712,0.5146784748139169,0.7115319886721125,0.9983216514738732,1.0000000000000022,6.0,6.0,6.0,6.0,"3-2, 2-1, 2-1, 1-0, 2-1, 3-2"
6.0,0.5911731106752706,0.34864825156131807,0.5758020451540161,0.717273906359563,0.503696445776358,0.7035845247249798,0.719453895051917,0.5059627084418595,0.7057000311122004,0.9983177541479382,1.0,6.0,6.0,6.0,6.0,"3-2, 2-1, 2-1, 1-0, 2-1, 3-2"
6.0,0.5929489899202459,0.34835356388393746,0.5751934234928904,0.7181502547003493,0.5018463145176034,0.701836326493575,0.7228289415518295,0.5077179367436411,0.7070693634892906,0.9982031746061475,1.0,6.0,6.0,6.0,6.0,"3-2, 2-1, 2-1, 1-0, 2-1, 3-2"
6.0,0.585272656595004,0.3385650578674109,0.5650511837637257,0.7102236840657449,0.49117553932737534,0.6930259259017159,0.7133060782341447,0.493527848633404,0.6955472792690758,0.9978358744113537,1.0000000000000004,6.0,6.0,6.0,6.0,"3-2, 2-1, 2-1, 1-0, 2-1, 3-2"
6.0,0.5873941376553246,0.3391400301870076,0.566679681936481,0.710205842957165,0.48813667501964647,0.6913492057796841,0.7145871335401872,0.49328903178820577,0.6956103852702523,0.9979955884104639,0.9999999999999981,6.0,6.0,6.0,6.0,"3-2, 2-1, 2-1, 1-0, 2-1, 3-2"
6.0,0.5887976015840873,0.3445945119056566,0.571842982515969,0.7139719049711195,0.49783401759796553,0.6988731635080403,0.7157773615287985,0.5000945660701258,0.7007805645374983,0.9976408566668332,0.9999999999999968,6.0,6.0,6.0,6.0,"3-2, 2-1, 2-1, 1-0, 2-1, 3-2"
6.0,0.5937835371967111,0.3550934881132234,0.5794774473126643,0.7215133680264183,0.5134709953651297,0.7094226539075179,0.7215455838235371,0.5118696414218349,0.7090180142748581,0.9988404374556858,1.0000000000000004,6.0,6.0,6.0,6.0,"3-2, 2-1, 2-1, 1-0, 2-1, 3-2"
6.0,0.5978804658090674,0.35916704096418245,0.582142260398833,0.7255794800127956,0.517313600790503,0.7118035225904731,0.7279144309797322,0.5188664535012909,0.7135292491518725,0.9980400994410852,0.999999999999999,6.0,6.0,6.0,6.0,"3-2, 2-1, 2-1, 1-0, 2-1, 3-2"
6.0,0.5999419462230784,0.35907461020807274,0.5832991726868476,0.7222556064339989,0.5102167012359927,0.7074813916371546,0.7248179650721664,0.512332328086289,0.7096303045334817,0.9982908371026464,1.0000000000000022,6.0,6.0,6.0,6.0,"3-2, 2-1, 2-1, 1-0, 2-1, 3-2"
6.0,0.5939061179254178,0.3547822632480677,0.5801820608791903,0.7215721722583904,0.5122741134306112,0.7092354056092824,0.7245106807605292,0.5160521774413099,0.7121961861754871,0.9988542879956916,1.0000000000000033,6.0,6.0,6.0,6.0,"3-2, 2-1, 2-1, 1-0, 2-1, 3-2"
6.0,0.6029261977212588,0.36212420055546024,0.5854020096684387,0.7246245843211646,0.5136913382268746,0.7089639942827127,0.7292091182122944,0.5199667158305927,0.714188265788595,0.9985073210750848,1.0000000000000018,6.0,6.0,6.0,6.0,"3-2, 2-1, 2-1, 1-0, 2-1, 3-2"
6.0,0.6002752726463887,0.36362717044858767,0.5871436538776427,0.7222927759906045,0.5165445439168799,0.7110230979061982,0.7260097092197945,0.5198339139263705,0.7143830834136031,0.9988171519456684,1.0000000000000016,6.0,6.0,6.0,6.0,"3-2, 2-1, 2-1, 1-0, 2-1, 3-2"
6.0,0.595552070343784,0.3558379644774605,0.5818451498229205,0.7189393430509048,0.5084438834564413,0.7063052298708437,0.7242501022714942,0.5146100426991222,0.7114996951404295,0.9988318477671474,0.9999999999999979,6.0,6.0,6.0,6.0,"3-2, 2-1, 2-1, 1-0, 2-1, 3-2"
6.0,0.5976000065629359,0.3590379533589684,0.5842988874326509,0.7185687471451973,0.5090957893482717,0.7068745294210563,0.7232293484126273,0.5152230460801231,0.711641374339826,0.9988133946152213,0.9999999999999991,6.0,6.0,6.0,6.0,"3-2, 2-1, 2-1, 1-0, 2-1, 3-2"
6.0,0.5929752563710758,0.3531105148521011,0.5790766777024084,0.720478812646622,0.5112480879240962,0.7081934813050881,0.7246527760293926,0.5163378597676715,0.7125797756097728,0.9972725455880429,0.9999999999999999,6.0,6.0,6.0,6.0,"3-2, 2-1, 2-1, 1-0, 2-1, 3-2"
6.0,0.5999204685623795,0.36143564878787665,0.5856603088285027,0.7338399704085681,0.5292981246892106,0.7207133634430656,0.7350110965610552,0.5298418741706263,0.7216923675336355,0.9985662240860536,1.0000000000000004,6.0,6.0,6.0,6.0,"3-2, 2-1, 2-1, 1-0, 2-1, 3-2"
6.0,0.5865396938807089,0.3490365866827314,0.575258247990894,0.709873580607309,0.499326898388031,0.6993346548434977,0.7135427378831107,0.5037756756514931,0.7032913305274668,0.9987195297626015,1.0000000000000009,6.0,6.0,6.0,6.0,"3-2, 2-1, 2-1, 1-0, 2-1, 3-2"
6.0,0.5953527578261717,0.3478850021602732,0.5744178409479919,0.7203218494183456,0.5020549630144077,0.7020007729448556,0.7247167852777924,0.5074895211594178,0.7065973959380889,0.997980056718719,0.9999999999999993,6.0,6.0,6.0,6.0,"3-2, 2-1, 2-1, 1-0, 2-1, 3-2"
6.0,0.5849556283461123,0.345763629583956,0.5710048157311265,0.7058191390253741,0.49145070140536906,0.6929550848461935,0.7095054692922426,0.4948651285613813,0.6962935049749559,0.998829800634187,0.9999999999999997,6.0,6.0,6.0,6.0,"3-2, 2-1, 2-1, 1-0, 2-1, 3-2"
6.0,0.589830415608943,0.3482246787617167,0.5728009999487763,0.7149239479430567,0.5013651959017714,0.6999872304873085,0.7149263226506825,0.5005065226049586,0.700167781245133,0.9975330640055476,1.0000000000000022,6.0,6.0,6.0,6.0,"3-2, 2-1, 2-1, 1-0, 2-1, 3-2"
6.0,0.5924780871615574,0.3499674699426719,0.5751514144805623,0.713372292133507,0.4990624071837081,0.6989187481815332,0.7157691683108511,0.5006639552723433,0.7007777178672148,0.997887030942936,0.9999999999999979,6.0,6.0,6.0,6.0,"3-2, 2-1, 2-1, 1-0, 2-1, 3-2"
6.0,0.5847409433877127,0.3464206708393983,0.5722022232820706,0.7028763032492229,0.48917397118996386,0.6916658107679725,0.7078474147014429,0.4947234035616952,0.6967641671212847,0.9989954078038557,0.9999999999999988,6.0,6.0,6.0,6.0,"3-2, 2-1, 2-1, 1-0, 2-1, 3-2"
6.0,0.5990816009222203,0.35757734413931785,0.5823556505202967,0.7284744798506769,0.518931981057481,0.7135837434711934,0.7313086075637657,0.5211727044621282,0.7158458466123909,0.9983085738696997,1.0000000000000004,6.0,6.0,6.0,6.0,"3-2, 2-1, 2-1, 1-0, 2-1, 3-2"
6.0,0.5991880334765227,0.3573366553491015,0.5816569828790061,0.7287065582954182,0.5179191822738809,0.7127859220227757,0.7301343035575031,0.5196012263113899,0.7145015345086582,0.9981727601769218,1.0000000000000009,6.0,6.0,6.0,6.0,"3-2, 2-1, 2-1, 1-0, 2-1, 3-2"
6.0,0.5831865974129784,0.3420764803306989,0.5689202169338806,0.7049972992432433,0.4902460274456242,0.6928414286268318,0.710177235768794,0.49604389358211026,0.697488837183551,0.9986166357030374,0.9999999999999991,6.0,6.0,6.0,6.0,"3-2, 2-1, 2-1, 1-0, 2-1, 3-2"
6.0,0.5856850359456299,0.340678496976757,0.5678358989279175,0.7054803063501761,0.48668445679027705,0.6904038104037765,0.7113561759886904,0.49357101127537495,0.6958544002337375,0.9977862988401214,1.0,6.0,6.0,6.0,6.0,"3-2, 2-1, 2-1, 1-0, 2-1, 3-2"
6.0,0.6091000086881134,0.36986900318592103,0.592614708833719,0.725249163212533,0.5147431607201234,0.7107673614389762,0.7282362540279108,0.5172139303070067,0.7133444516693346,0.9983457144436295,1.0000000000000013,6.0,6.0,6.0,6.0,"3-2, 2-1, 2-1, 1-0, 2-1, 3-2"
6.0,0.5929775301722521,0.3578236898644168,0.5820666966952046,0.7090974719151744,0.5007281654899363,0.7002394855575128,0.7115775065833578,0.5029624941422097,0.7024583211032236,0.9984786754641178,0.9999999999999979,6.0,6.0,6.0,6.0,"3-2, 2-1, 2-1, 1-0, 2-1, 3-2"
6.0,0.5815177781023203,0.3459687674806817,0.5723393881599221,0.7024206422757971,0.494414565405104,0.6958937720974429,0.7085451274496644,0.5020321687477072,0.7019774050198985,0.9886902034345338,0.9999999999999996,6.0,6.0,6.0,6.0,"3-2, 2-1, 2-1, 1-0, 2-1, 3-2"
6.0,0.589041469818133,0.3462115020636485,0.5725506081082592,0.7137966430659983,0.4981158186040816,0.6987669737581262,0.7172906451485181,0.5024545859032292,0.702350205597909,0.9986671067630299,1.0,6.0,6.0,6.0,6.0,"3-2, 2-1, 2-1, 1-0, 2-1, 3-2"
6.0,0.583251249888678,0.34091494695049307,0.5669611072615415,0.7065287040111116,0.48976392821266657,0.6917786609452699,0.7113363666440653,0.4958997474319936,0.6966434983987311,0.9986674637498584,1.000000000000001,6.0,6.0,6.0,6.0,"3-2, 2-1, 2-1, 1-0, 2-1, 3-2"
6.0,0.593243836300271,0.3508540963643897,0.576029388627366,0.7146614809324224,0.5006028963681257,0.6998703869538403,0.7192570224855134,0.5065418487193604,0.7045629347097346,0.9980141698315738,1.0000000000000013,6.0,6.0,6.0,6.0,"3-2, 2-1, 2-1, 1-0, 2-1, 3-2"
6.0,0.5940902982670173,0.3546987807267089,0.5790766774423581,0.7194705913346064,0.5093796642875096,0.7057753637728745,0.7228709045654144,0.5125373729606288,0.7086652243726203,0.9987651369674102,1.0000000000000009,6.0,6.0,6.0,6.0,"3-2, 2-1, 2-1, 1-0, 2-1, 3-2"
6.0,0.5963047698302193,0.3590612468625387,0.5830830188462566,0.7258544349484841,0.5196216335853172,0.7138251938285975,0.7269166190481992,0.5191717643377652,0.7141241798891453,0.9984507069914152,0.9999999999999987,6.0,6.0,6.0,6.0,"3-2, 2-1, 2-1, 1-0, 2-1, 3-2"
6.0,0.5927825595611009,0.35403812615939617,0.578744718226424,0.7132430160768548,0.5019883300003402,0.7008194171552211,0.716261345524111,0.5056991608320419,0.7040179721718337,0.998775047351703,1.0000000000000004,6.0,6.0,6.0,6.0,"3-2, 2-1, 2-1, 1-0, 2-1, 3-2"
6.0,0.6040129290496871,0.36670250071992383,0.5899864008986814,0.7236300962824833,0.5145491979730998,0.7099447494473313,0.7299865227087263,0.5236813911082818,0.7169754727085809,0.998713330978939,0.999999999999998,6.0,6.0,6.0,6.0,"3-2, 2-1, 2-1, 1-0, 2-1, 3-2"
6.0,0.5961097515058795,0.3527985563357414,0.5786919890406759,0.721802019626226,0.5080591200588056,0.7061029160507428,0.7261500773819266,0.5135469578113776,0.710420959981231,0.9983118800110975,1.0000000000000007,6.0,6.0,6.0,6.0,"3-2, 2-1, 2-1, 1-0, 2-1, 3-2"
6.0,0.6011552985573927,0.3571821713158444,0.5826702439033615,0.7257669649437318,0.5140469826869281,0.7105613053503335,0.7294120455984443,0.5182977354545846,0.7140312233367786,0.9981203598533964,1.0000000000000018,6.0,6.0,6.0,6.0,"3-2, 2-1, 2-1, 1-0, 2-1, 3-2"
6.0,0.5858891248806806,0.33951605812990465,0.5674871313441381,0.708316625651443,0.4873446603761765,0.6910739312031506,0.7097123786225352,0.4885524475171084,0.6924995835837844,0.9983251693817317,1.0,6.0,6.0,6.0,6.0,"1-0, 2-1, 2-1, 1-0, 2-1, 3-2"
6.0,0.5807548183344059,0.33638486332206896,0.5634698359096917,0.7062116167638396,0.4876724594950747,0.6907414760186708,0.7082917165530965,0.4899096669460894,0.6931971554227453,0.9979181804716184,0.9999999999999997,6.0,6.0,6.0,6.0,"1-0, 2-1, 2-1, 1-0, 2-1, 3-2"
6.0,0.6126464210784981,0.3715080289990438,0.5940838706015427,0.7354009333770762,0.5260611252009741,0.7190014435163553,0.7344877824616199,0.5234066808894278,0.7177964775895281,0.9984100728359563,1.0000000000000007,6.0,6.0,6.0,6.0,"3-2, 2-1, 2-1, 1-0, 2-1, 3-2"
6.0,0.6134450314716396,0.3763844324412115,0.5981353805998072,0.7355261132144691,0.5304126207750095,0.7215695074949983,0.737366168666761,0.5319633222147006,0.723385791067008,0.9983140827223166,1.0000000000000009,6.0,6.0,6.0,6.0,"3-2, 2-1, 2-1, 1-0, 2-1, 3-2"
6.0,0.5931168213704411,0.34945744903610815,0.5758169868141655,0.7217609366964376,0.50799597950242,0.705816885338906,0.725536822717756,0.5125746755652376,0.7098982673737757,0.9986506319066608,0.9999999999999978,6.0,6.0,6.0,6.0,"3-2, 2-1, 2-1, 1-0, 2-1, 3-2"
6.0,0.5876974574260204,0.34205123562114226,0.570024538026299,0.715889290023827,0.4990825574717481,0.7001650949767406,0.7204197794700306,0.50502522008422,0.7048728944440718,0.9979534104372071,0.9999999999999992,6.0,6.0,6.0,6.0,"3-2, 2-1, 2-1, 1-0, 2-1, 3-2"
6.0,0.5960095396657095,0.3551347546011832,0.5784932259568465,0.7159398482334017,0.501242535263789,0.6996093000220456,0.716750695759213,0.5004634102971038,0.6997453767930875,0.9983946491548248,0.9999999999999997,6.0,6.0,6.0,6.0,"3-2, 2-1, 2-1, 1-0, 2-1, 3-2"
6.0,0.6034334016635178,0.36856455898176876,0.5906185215892703,0.7260681038589277,0.5210397370749729,0.7143638518148719,0.7258673428543824,0.5196968465378166,0.7138867437597956,0.9989926050601676,1.0000000000000018,6.0,6.0,6.0,6.0,"3-2, 2-1, 2-1, 1-0, 2-1, 3-2"
6.0,0.6065894095454232,0.3633729517860498,0.586607326766224,0.7286262616512024,0.5141591960527613,0.710279213485847,0.7309335685709993,0.517932325104794,0.7133454540624942,0.9981650784961555,0.9999999999999992,6.0,6.0,6.0,6.0,"3-2, 2-1, 2-1, 1-0, 2-1, 3-2"
6.0,0.6131886807211302,0.36875666900847737,0.5910054926040811,0.7363539348521565,0.5225734082991713,0.7152079406265546,0.7388969728978475,0.5263776303743952,0.7184218437799238,0.9979753640339362,1.0000000000000013,6.0,6.0,6.0,6.0,"3-2, 2-1, 2-1, 1-0, 2-1, 3-2"
6.0,0.6064216534031116,0.3676857408854612,0.5911514256902937,0.7248403093898708,0.5152387533451543,0.7107190089537732,0.7288951505410235,0.5207918530325014,0.7151214688381625,0.9984411594303844,1.0000000000000007,6.0,6.0,6.0,6.0,"3-2, 2-1, 2-1, 1-0, 2-1, 3-2"
6.0,0.6014670628371448,0.3631775645806245,0.5875105840282782,0.7290496214328472,0.5233473869364782,0.7160036487723632,0.7278532688799866,0.521138303662307,0.7156588862068631,0.9990012516504614,0.999999999999998,6.0,6.0,6.0,6.0,"3-2, 2-1, 2-1, 1-0, 2-1, 3-2"
6.0,0.5993645311059964,0.35553232901260157,0.5823570354465986,0.7185069545354721,0.5037879273246227,0.7033532207002264,0.7222991664608222,0.507808727828071,0.7069137110810273,0.9984819587550255,0.9999999999999996,6.0,6.0,6.0,6.0,"3-2, 2-1, 2-1, 1-0, 2-1, 3-2"
6.0,0.59129167198091,0.349694758080067,0.5761907817770601,0.7197916738797518,0.5066462291943095,0.7055213190171039,0.7215308006658246,0.5085857160480377,0.7075288744831543,0.9987907247772159,0.9999999999999997,6.0,6.0,6.0,6.0,"3-2, 2-1, 2-1, 1-0, 2-1, 3-2"
6.0,0.5821161745862283,0.3396543525765712,0.5662751991921707,0.7090048981608259,0.492729161700526,0.6944709213160686,0.7111523379136042,0.49485822460809514,0.6966424175617156,0.9984418036712506,1.0000000000000029,6.0,6.0,6.0,6.0,"3-2, 2-1, 2-1, 1-0, 2-1, 3-2"
6.0,0.5930034536704505,0.3537362855180388,0.5789402423845802,0.714803987430455,0.5025480612326059,0.7019708810038049,0.7189410357798731,0.5082355437300432,0.7066834244624762,0.9984705741452032,1.000000000000001,6.0,6.0,6.0,6.0,"3-2, 2-1, 2-1, 1-0, 2-1, 3-2"
6.0,0.5821186129374315,0.34093571268226297,0.5666799379054479,0.7069411087126122,0.49118130695457907,0.6928629959431437,0.7092554438846557,0.4937601895901894,0.6954676509166879,0.9985871878964259,1.0000000000000004,6.0,6.0,6.0,6.0,"3-2, 2-1, 2-1, 1-0, 2-1, 3-2"
6.0,0.5819220011103964,0.33732614597095545,0.5645699019081017,0.7064588526455066,0.487941593695435,0.6910463119778858,0.7110778108887662,0.4929189255191199,0.6954523942642893,0.9983163503039246,1.000000000000001,6.0,6.0,6.0,6.0,"3-2, 2-1, 2-1, 1-0, 2-1, 3-2"
6.0,0.5843002601904186,0.34144700360385644,0.5693823247568881,0.713640276297507,0.4995944030599444,0.7005496524517938,0.7181644373818447,0.5053973280065112,0.7053714944072391,0.9983074470484146,0.9999999999999992,6.0,6.0,6.0,6.0,"3-2, 2-1, 2-1, 1-0, 2-1, 3-2"
6.0,0.5968395371469899,0.36101658649935325,0.5851834778576074,0.7248454275389447,0.5210889932811763,0.714786651560822,0.7288931986557677,0.5255085134985584,0.7182861640823888,0.999212558927544,1.0000000000000016,6.0,6.0,6.0,6.0,"3-2, 2-1, 2-1, 1-0, 2-1, 3-2"
6.0,0.5840777714890405,0.35087692141414234,0.5767145326328333,0.7098421392832915,0.5048596822048914,0.7034049457764389,0.7131184329535304,0.5087285218233313,0.7071627185622165,0.9942225911565552,0.9999999999999997,6.0,6.0,6.0,6.0,"1-0, 2-1, 2-1, 1-0, 2-1, 3-2"
6.0,0.5926961031892989,0.35171701513357634,0.5774981195107722,0.7051195215274993,0.48852090696572137,0.6915950545690996,0.7068261166699011,0.49068605915250063,0.6940122096186275,0.9985541635839388,0.9999999999999993,6.0,6.0,6.0,6.0,"3-2, 2-1, 2-1, 1-0, 2-1, 3-2"
6.0,0.6038693764320328,0.3679199146506721,0.590528177329468,0.7221657101365153,0.5147449789592129,0.709519983672767,0.7237936609737585,0.5171014604864055,0.7117750341543294,0.9985515787245209,0.9999999999999998,6.0,6.0,6.0,6.0,"3-2, 2-1, 2-1, 1-0, 2-1, 3-2"
6.0,0.615512759463193,0.376642835791437,0.5981345825647226,0.7343800412134678,0.52868120592875,0.7199679590924081,0.7370465109769364,0.5316548414716222,0.7226560740578433,0.998425197587059,1.0000000000000009,6.0,6.0,6.0,6.0,"3-2, 2-1, 2-1, 1-0, 2-1, 3-2"
6.0,0.6078020554606803,0.3708967634197534,0.5927351875691234,0.7311611771049579,0.5253612938722418,0.7173041595480856,0.7305939920486765,0.5231756934093268,0.7163204097274494,0.998633651434488,0.9999999999999993,6.0,6.0,6.0,6.0,"3-2, 2-1, 2-1, 1-0, 2-1, 3-2"
6.0,0.5938006837123371,0.35611269709028887,0.5793225773973468,0.7229992472579545,0.515135197381061,0.7095180138340639,0.7185458992232724,0.507556991685067,0.7053399808970464,0.9986741961791882,1.000000000000003,6.0,6.0,6.0,6.0,"3-2, 2-1, 2-1, 1-0, 2-1, 3-2"
6.0,0.573083676882509,0.32444738779095195,0.553898394740987,0.6989315636915961,0.47429909507904566,0.6817726654634788,0.7026737472921796,0.4783232655625692,0.6855215297169903,0.9981501248670964,1.0000000000000009,6.0,6.0,6.0,6.0,"3-2, 2-1, 2-1, 1-0, 2-1, 3-2"
6.0,0.5927080006820864,0.3464670675217597,0.5737680655241977,0.7216455533139564,0.505347764635546,0.7042728195819551,0.7234590500672484,0.5076142015488148,0.7065684003090209,0.9981017370195808,1.0000000000000004,6.0,6.0,6.0,6.0,"3-2, 2-1, 2-1, 1-0, 2-1, 3-2"
6.0,0.5978179871770432,0.3536899660835784,0.5798278675376181,0.7223272901604033,0.5090569807587213,0.7067891313904182,0.7236541100071012,0.5097464460236862,0.708180766763483,0.9983262081691182,0.9999999999999983,6.0,6.0,6.0,6.0,"3-2, 2-1, 2-1, 1-0, 2-1, 3-2"
6.0,0.5901891984751592,0.3491176272379785,0.5744053202711565,0.7126318942352483,0.49890758614273456,0.6986825116082594,0.7169140582700516,0.5042906324695245,0.7031394537632667,0.9990381132413491,1.0000000000000004,6.0,6.0,6.0,6.0,"3-2, 2-1, 2-1, 1-0, 2-1, 3-2"
6.0,0.5872391599191187,0.34611434649827577,0.5716176960233049,0.7093782880654845,0.49455499712625456,0.6953397817701732,0.7138026860705038,0.4998283874603152,0.6998181982672471,0.9985709555513954,0.9999999999999993,6.0,6.0,6.0,6.0,"3-2, 2-1, 2-1, 1-0, 2-1, 3-2"
6.0,0.5850372468280406,0.34567779007604515,0.5732331697050921,0.714133320868369,0.5047134492192396,0.7037281046641839,0.7174229148870424,0.508614639116528,0.7071220505540479,0.9990031612860137,1.0,6.0,6.0,6.0,6.0,"3-2, 2-1, 2-1, 1-0, 2-1, 3-2"
6.0,0.571143390523751,0.3270479749055869,0.5563652567715895,0.7032306333228091,0.48530075758771163,0.690021728716246,0.7033401369064259,0.4841732415886615,0.6897636539157677,0.998759796938367,1.0000000000000002,6.0,6.0,6.0,6.0,"3-2, 2-1, 2-1, 1-0, 2-1, 3-2"
6.0,0.6009224960762268,0.35925213252735505,0.5840969912999396,0.7275840537800614,0.5172305123403094,0.7125177355002488,0.7305614392602195,0.5203220536314336,0.7152039905131617,0.9986038445601653,1.0000000000000007,6.0,6.0,6.0,6.0,"3-2, 2-1, 2-1, 1-0, 2-1, 3-2"
6.0,0.6030940643601957,0.357419054257212,0.5827080387883905,0.7269419923712931,0.5129112898290946,0.7093294445797408,0.7303808436292464,0.5175276874327558,0.7130670011618676,0.9982770325392751,0.9999999999999991,6.0,6.0,6.0,6.0,"3-2, 2-1, 2-1, 1-0, 2-1, 3-2"
6.0,0.5728333014403344,0.32704516904919845,0.5562317329390588,0.6985301678344911,0.4760422726724352,0.6830981230751889,0.7023650543777836,0.4803185273811206,0.6868830711397502,0.9985032788376315,0.9999999999999971,6.0,6.0,6.0,6.0,"3-2, 2-1, 2-1, 1-0, 2-1, 3-2"
6.0,0.5697683283179616,0.33111534617254,0.5589821300405542,0.6973283172877887,0.4829279660748052,0.687327941207062,0.6995642938107649,0.4836655764743032,0.6889439058173087,0.9989574965610576,1.0000000000000016,6.0,6.0,6.0,6.0,"3-2, 2-1, 2-1, 1-0, 2-1, 3-2"
6.0,0.5900888657240559,0.34596220378615977,0.5721659473454646,0.7135891983630399,0.4964509436086745,0.6975822419251727,0.7151524981148316,0.4986741005327696,0.6998520007530915,0.9983564622408213,0.9999999999999972,6.0,6.0,6.0,6.0,"3-2, 2-1, 2-1, 1-0, 2-1, 3-2"
6.0,0.5827611810859495,0.3385420805565206,0.5658904498711138,0.7046151520908269,0.48500313796228756,0.6893679988836009,0.7077188332169233,0.4879304989982407,0.692185221637131,0.9984856109616047,0.9999999999999998,6.0,6.0,6.0,6.0,"3-2, 2-1, 2-1, 1-0, 2-1, 3-2"
6.0,0.6046597445718014,0.36715378507605684,0.5886133452466529,0.7295258798165967,0.5238585090510437,0.7155179340684757,0.7350261017786781,0.5309420588580753,0.7209553722341149,0.9983462798598958,1.0000000000000004,6.0,6.0,6.0,6.0,"3-2, 2-1, 2-1, 1-0, 2-1, 3-2"
6.0,0.5968245509577638,0.35421440158268913,0.5796599635933664,0.7199090252549296,0.5057910807398419,0.7043629530897023,0.7234660422364769,0.5100036314970687,0.7079237227330676,0.9984821582487964,0.9999999999999996,6.0,6.0,6.0,6.0,"3-2, 2-1, 2-1, 1-0, 2-1, 3-2"
6.0,0.6236441157395238,0.3914134446952443,0.610294340975248,0.7409410458981294,0.5431854123069462,0.7293595624157424,0.7440547647983518,0.5469309927232606,0.7322632397571103,0.9988475188110109,0.9999999999999987,6.0,6.0,6.0,6.0,"3-2, 2-1, 2-1, 1-0, 2-1, 3-2"
6.0,0.6152012328842595,0.3781543005574329,0.5992596347404769,0.7364299551921631,0.53209827447661,0.7224475986013633,0.7380203630276174,0.5340615880032228,0.7240069082729226,0.9987667010430742,1.000000000000002,6.0,6.0,6.0,6.0,"3-2, 2-1, 2-1, 1-0, 2-1, 3-2"
6.0,0.605514247785062,0.37435273926469476,0.5950397940319699,0.7318700964165619,0.53370883479738,0.7226506937114735,0.7343317377322437,0.5371217319951024,0.7254354610020773,0.9992690187781856,0.9999999999999996,6.0,6.0,6.0,6.0,"3-2, 2-1, 2-1, 1-0, 2-1, 3-2"
6.0,0.6058584131616126,0.36715556331295807,0.5892774291803902,0.7279954964112223,0.5190208838491048,0.712575373008639,0.7312701600581945,0.5232958849538116,0.715964365463408,0.9984835590337486,0.9999999999999979,6.0,6.0,6.0,6.0,"3-2, 2-1, 2-1, 1-0, 2-1, 3-2"
7.0,0.5599634377856759,0.3215093989455229,0.5466671550379553,0.6798838035596464,0.4611705609150852,0.6677122403302245,0.6785132007073411,0.45950143424710593,0.6668553185202233,0.9986200406179766,1.0000000000000009,7.0,7.0,7.0,7.0,"3-2, 1-2, 1-0, 2-1, 2-1, 3-2, 2-1"
6.0,0.5825577261549341,0.3407791989390254,0.5676120855284358,0.7092226577278012,0.49448553391404426,0.6953246995591632,0.7069585930654344,0.4902119846867357,0.6931761036520494,0.9985609775503745,1.0000000000000036,6.0,6.0,6.0,6.0,"3-2, 2-1, 2-1, 1-0, 2-1, 3-2"
6.0,0.5824755833767611,0.3356936247880753,0.5635772583869731,0.7050947550658446,0.48337000393930457,0.6877582297229226,0.7066282923560842,0.4851555454609019,0.68962578890299,0.9981671490588744,0.9999999999999996,6.0,6.0,6.0,6.0,"3-2, 2-1, 2-1, 1-0, 2-1, 3-2"
6.0,0.5895842109548817,0.34267489235013077,0.5696032422109869,0.7113081320740751,0.4928685376849229,0.6945712289804368,0.7156794295403163,0.4969481495656435,0.6981192124005234,0.9981300517535036,1.0,6.0,6.0,6.0,6.0,"3-2, 2-1, 2-1, 1-0, 2-1, 3-2"
6.0,0.5940638992245638,0.35611788796784616,0.5807261875706046,0.7139775415082377,0.5034819014178571,0.7020590577852356,0.7160881081766791,0.506003230191557,0.7044006383344019,0.9986390771199932,0.9999999999999998,6.0,6.0,6.0,6.0,"3-2, 2-1, 2-1, 1-0, 2-1, 3-2"
6.0,0.6007715193510811,0.3625301131262837,0.5856822375947847,0.7259912431091382,0.5185871503300695,0.7126926590403011,0.7269192200272447,0.5189759695337821,0.7134592478911808,0.9985910927051571,1.0000000000000004,6.0,6.0,6.0,6.0,"1-0, 2-1, 2-1, 1-0, 2-1, 3-2"
6.0,0.5968951577244277,0.34938027188957804,0.576559269811709,0.7265367904094392,0.508667080004212,0.7070141648815584,0.7298935053787617,0.5137571751394681,0.7110919017759414,0.998048888714525,0.9999999999999999,6.0,6.0,6.0,6.0,"3-2, 2-1, 2-1, 1-0, 2-1, 3-2"
6.0,0.575113477640106,0.33274666403052533,0.5604766089363467,0.7000577239966318,0.48069185761950806,0.6860621191130489,0.7050480190609845,0.48666581833377676,0.6909222350101047,0.9986592791502467,1.0,6.0,6.0,6.0,6.0,"3-2, 2-1, 2-1, 1-0, 2-1, 3-2"
6.0,0.6004941640957908,0.36052434301968217,0.5856242595040342,0.720697007098457,0.5099406712738581,0.7074478188642075,0.7238041908312733,0.5136011694123198,0.7108693024048882,0.9985675032702628,0.9999999999999991,6.0,6.0,6.0,6.0,"3-2, 2-1, 2-1, 1-0, 2-1, 3-2"
6.0,0.6005763708331108,0.362047888348892,0.5863543565293218,0.7250041875315467,0.5170787791898581,0.7120898571675935,0.7287793886060713,0.5216877738108028,0.7158484907956764,0.9984150349299874,0.9999999999999998,6.0,6.0,6.0,6.0,"3-2, 2-1, 2-1, 1-0, 2-1, 3-2"
6.0,0.594762733641693,0.35075494637603283,0.5764456973080312,0.7223179302036904,0.508504564907388,0.7054258715876349,0.7257515349235819,0.5125088865404588,0.7091049281154402,0.9978921965588275,1.0000000000000016,6.0,6.0,6.0,6.0,"3-2, 2-1, 2-1, 1-0, 2-1, 3-2"
6.0,0.5828852074502962,0.3414417127794943,0.5680590542579869,0.7052754164067969,0.48994814946687365,0.6918256842079761,0.7074328858772945,0.49181372728597134,0.6939697431754851,0.9986050501855341,0.9999999999999981,6.0,6.0,6.0,6.0,"3-2, 2-1, 2-1, 1-0, 2-1, 3-2"
6.0,0.5980707223293326,0.35961859205416713,0.5839290653715752,0.721741522865385,0.5124568814998485,0.708875017372571,0.7244286016147704,0.5154126487020858,0.7115832153864534,0.998821797789353,1.0000000000000009,6.0,6.0,6.0,6.0,"3-2, 2-1, 2-1, 1-0, 2-1, 3-2"
6.0,0.5864750713614365,0.34666864996450586,0.5733262921354931,0.7100554650546076,0.49679607332466436,0.6977499286500677,0.7112131541326121,0.4980448663641541,0.6990931765647892,0.9989007669390433,1.0,6.0,6.0,6.0,6.0,"3-2, 2-1, 2-1, 1-0, 2-1, 3-2"
6.0,0.5921677161509593,0.3509354771402382,0.57710947241063,0.717356213051115,0.5050605626013975,0.7039624834908084,0.7205743171337428,0.5091588932920881,0.707506642928857,0.9988400668729239,1.0000000000000027,6.0,6.0,6.0,6.0,"3-2, 2-1, 2-1, 1-0, 2-1, 3-2"
6.0,0.5996295617644958,0.36384120245110585,0.5872246017512384,0.7272834850322504,0.5226086166603865,0.7159081078002403,0.7299397949401407,0.5261171073105232,0.71869390506915,0.999154009813521,0.9999999999999998,6.0,6.0,6.0,6.0,"3-2, 2-1, 2-1, 1-0, 2-1, 3-2"
6.0,0.5858662407383329,0.3441534411560878,0.5706000235660122,0.7077789381366618,0.49170127353478865,0.6934273093485692,0.7115424893891231,0.49617761184486264,0.6975727320680942,0.9988470143961845,0.999999999999999,6.0,6.0,6.0,6.0,"3-2, 2-1, 2-1, 1-0, 2-1, 3-2"
6.0,0.5819184118082417,0.3404307026512678,0.5681351997759161,0.7058088410905624,0.4913086173394366,0.6939756015675231,0.7067393790482872,0.490795084059927,0.6940988947404596,0.9986316670185335,1.0,6.0,6.0,6.0,6.0,"3-2, 2-1, 2-1, 1-0, 2-1, 3-2"
3.0,0.7473196816463334,0.5467168820755052,0.7305537467747228,0.8746542270690464,0.7477545314468252,0.8621994699093927,0.8794243000454722,0.7558354249047857,0.8670916126706697,0.9984061148407731,1.0000000000000009,3.0,3.0,3.0,3.0,"3-2, 2-1, 0-1"
6.0,0.6409604057145112,0.41135546107960697,0.6259381737497625,0.7558427205158865,0.5620231719982509,0.742246697880663,0.7615736062249562,0.5701840465802169,0.7481100204580715,0.9985714310740499,0.9999999999999986,6.0,6.0,6.0,6.0,"3-2, 2-1, 2-1, 1-0, 2-1, 3-2"
6.0,0.6129004489413938,0.37602909039175786,0.5959943832576678,0.7350341479146856,0.5299344015369146,0.7191632302735832,0.7373959258044882,0.5333437566853846,0.721914147783999,0.9984699023232904,1.0000000000000009,6.0,6.0,6.0,6.0,"3-2, 2-1, 2-1, 1-0, 2-1, 3-2"
6.0,0.6231934536927913,0.393009309657808,0.6100843279027053,0.7454029076382451,0.5512519629776578,0.7340821562600149,0.7482577301156216,0.5546765900288566,0.7367968451552578,0.9988578423293398,0.9999999999999994,6.0,6.0,6.0,6.0,"3-2, 2-1, 2-1, 1-0, 2-1, 3-2"
6.0,0.5869858429429351,0.34267280664622074,0.5688516927462423,0.7046045974409715,0.48463990230321413,0.6881430366251523,0.7093583192724193,0.49079582435503544,0.693247285949959,0.9983101812269102,0.9999999999999997,6.0,6.0,6.0,6.0,"3-2, 2-1, 2-1, 1-0, 2-1, 3-2"
6.0,0.5805227321548028,0.34105825274142015,0.5684842785472346,0.7004010941564489,0.4857734564775535,0.689636333729919,0.704977465790448,0.4914662514428499,0.694348444212299,0.9989978158088995,0.9999999999999999,6.0,6.0,6.0,6.0,"3-2, 2-1, 2-1, 1-0, 2-1, 3-2"
6.0,0.6097306062672391,0.3704658360395834,0.5929211300707973,0.7341904214418572,0.5304721322330025,0.7208865860443635,0.7382161635408474,0.534881528389325,0.7244946257349367,0.9985303945013728,1.0,6.0,6.0,6.0,6.0,"3-2, 2-1, 2-1, 1-0, 2-1, 3-2"
6.0,0.5843714714793232,0.34526252737111907,0.5728602002400753,0.711877409386368,0.5009613017112443,0.7015129387950872,0.7158056938726517,0.5056257943598146,0.7054281257777426,0.9989515472941666,0.9999999999999989,6.0,6.0,6.0,6.0,"3-2, 2-1, 2-1, 1-0, 2-1, 3-2"
6.0,0.6157393022037037,0.3795750866153602,0.5998773439350492,0.7405499140181241,0.5393478110358955,0.7266754047776386,0.7425421519709978,0.5421536171252352,0.7289558161883853,0.998437460672605,1.0000000000000002,6.0,6.0,6.0,6.0,"3-2, 2-1, 2-1, 1-0, 2-1, 3-2"
6.0,0.6176742485521889,0.3764995702145394,0.5975448330192743,0.7437378650231581,0.5389015992022609,0.7267232352601185,0.7457862648279409,0.5411885969717345,0.7285986149659679,0.9979563747730475,0.9999999999999989,6.0,6.0,6.0,6.0,"3-2, 2-1, 2-1, 1-0, 2-1, 3-2"
6.0,0.6069984880140803,0.3635023749506565,0.5876552711331267,0.7290372758960619,0.5160935552894776,0.7116261844549083,0.7315826963551403,0.5186344541185685,0.7139726149400113,0.9981745317608843,1.0,6.0,6.0,6.0,6.0,"3-2, 2-1, 2-1, 1-0, 2-1, 3-2"
6.0,0.5847752897140507,0.3474476457241206,0.5732213126650755,0.7013760069119748,0.4871274714488489,0.6904511893743961,0.7055357357786701,0.492402091689111,0.6949619768030539,0.9989932692852751,1.0000000000000002,6.0,6.0,6.0,6.0,"3-2, 2-1, 2-1, 1-0, 2-1, 3-2"
6.0,0.5916956858789096,0.3493440765671584,0.574617372494667,0.7131605354879224,0.4973274992153317,0.6972991140381948,0.716237650420203,0.5015501378536255,0.701105409555709,0.9984905581175583,1.0000000000000007,6.0,6.0,6.0,6.0,"1-0, 2-1, 2-1, 1-0, 2-1, 3-2"
7.0,0.598103769803329,0.35860138566174643,0.5847014413591396,0.7288291692859491,0.5228440937119272,0.717254539650086,0.7325992966572107,0.5270208979392033,0.7208991364373128,0.9988517096679475,1.0000000000000018,7.0,7.0,7.0,7.0,"3-2, 2-1, 2-3, 1-0, 2-1, 1-0, 3-2"
6.0,0.5892116322190352,0.346336141890423,0.5727174851736723,0.7068076039725201,0.4903585467677782,0.6923079057884098,0.7108667014391981,0.49513255400777245,0.6967549576549087,0.9983759927614559,0.9999999999999989,6.0,6.0,6.0,6.0,"3-2, 2-1, 2-1, 1-0, 2-1, 3-2"
6.0,0.5783737145068308,0.3368962033660095,0.5644623556283923,0.695957821281953,0.47710830449428454,0.683172684364382,0.7031407643429499,0.484956412209656,0.6900136480115944,0.9987002763122725,1.0000000000000009,6.0,6.0,6.0,6.0,"3-2, 2-1, 2-1, 1-0, 2-1, 3-2"
6.0,0.5870317805062281,0.3467772695731989,0.5742877888593998,0.7148624270656463,0.5040836494140736,0.7036159578598529,0.7175946695487754,0.506661683640195,0.7060906697724688,0.9977045876259113,0.9999999999999994,6.0,6.0,6.0,6.0,"3-2, 2-1, 2-1, 1-0, 2-1, 3-2"
6.0,0.5914726963694282,0.3449873362704764,0.5724751862251094,0.720201059007521,0.504310893987507,0.7038096608958967,0.7244622425413954,0.5088733903641083,0.7078053942699074,0.9977671718353067,0.9999999999999991,6.0,6.0,6.0,6.0,"3-2, 2-1, 2-1, 1-0, 2-1, 3-2"
6.0,0.5956681387991012,0.35346394160396943,0.5791819053205411,0.7228351258637747,0.5100469924712396,0.7075967994797931,0.7268843489086579,0.5151487547410836,0.7116576090382583,0.99851374194233,0.9999999999999993,6.0,6.0,6.0,6.0,"3-2, 2-1, 2-1, 1-0, 2-1, 3-2"
6.0,0.593783231673658,0.3496439345791451,0.5766948338058896,0.7217502369267628,0.5078342096735949,0.7066416019296866,0.722969935812154,0.5091858475234259,0.7080764156647028,0.9981429437740328,1.0000000000000002,6.0,6.0,6.0,6.0,"3-2, 2-1, 2-1, 1-0, 2-1, 3-2"
6.0,0.601442049179507,0.35529118303549917,0.5788331211462981,0.718108234059258,0.4989661003984832,0.6979848288287389,0.719449585063509,0.49957786175357644,0.6989788820918605,0.9973218951971647,1.0,6.0,6.0,6.0,6.0,"3-2, 2-1, 2-1, 1-0, 2-1, 3-2"
6.0,0.6028876031612652,0.3646950388568684,0.5872288284587965,0.7175493694948001,0.5064152734047069,0.7037443340965088,0.7203097514159873,0.5092089810522857,0.7064573134070489,0.9985580798827618,1.0000000000000016,6.0,6.0,6.0,6.0,"3-2, 2-1, 2-1, 1-0, 2-1, 3-2"
6.0,0.60078733590975,0.35844658685911795,0.5834768870427471,0.7251506307952992,0.5141726127639334,0.7102330901107461,0.7289141584567851,0.5187026467147958,0.7139607727148918,0.9979448308253824,1.0000000000000018,6.0,6.0,6.0,6.0,"3-2, 2-1, 2-1, 1-0, 2-1, 3-2"
6.0,0.6000055384947999,0.3632508505506422,0.5872115031248972,0.7235049593361259,0.5168217700420213,0.7120950755064078,0.7269284214824823,0.5212658584465973,0.7158093281348027,0.9988541560474409,1.000000000000001,6.0,6.0,6.0,6.0,"3-2, 2-1, 2-1, 1-0, 2-1, 3-2"
6.0,0.6007915440037981,0.35619187700918864,0.5807499181029214,0.7173017558507103,0.5011295004474935,0.6999269013045794,0.7194521923029861,0.5034909324160592,0.702497642317264,0.9979889179486987,0.9999999999999987,6.0,6.0,6.0,6.0,"3-2, 2-1, 2-1, 1-0, 2-1, 3-2"
6.0,0.5986696057037518,0.35630063899183007,0.5808637016246972,0.7235713788873124,0.5121189105029234,0.7087230432474304,0.7242635184770513,0.5113262404021723,0.708900490046382,0.9984700268544513,1.0000000000000029,6.0,6.0,6.0,6.0,"3-2, 2-1, 2-1, 1-0, 2-1, 3-2"
6.0,0.5983001162295668,0.36161979212106243,0.5837727656907508,0.7161315885802155,0.5080308756184357,0.704624730367007,0.7184924916266217,0.509362252760108,0.706285386999669,0.9985639228305687,1.0000000000000016,6.0,6.0,6.0,6.0,"3-2, 2-1, 2-1, 1-0, 2-1, 3-2"
6.0,0.603500781224119,0.36090067951827365,0.5836993006130835,0.7147417176879004,0.49727835608237986,0.6971603673916794,0.7170466599893753,0.4986472337387809,0.6990587503409484,0.997832388111072,0.9999999999999996,6.0,6.0,6.0,6.0,"3-2, 2-1, 2-1, 1-0, 2-1, 3-2"
6.0,0.610986213675777,0.3757494255334436,0.5956624503666728,0.726732819985881,0.5199295034837709,0.7129289894078135,0.7264078043475007,0.5186210309983388,0.712396293215577,0.998846664471992,0.9999999999999981,6.0,6.0,6.0,6.0,"3-2, 2-1, 2-1, 1-0, 2-1, 3-2"
6.0,0.6094548499178276,0.3727474931783303,0.5937797522098704,0.7207110987590033,0.5097451053238723,0.7059801094992708,0.7221054072838688,0.5120389967286806,0.7080797782793251,0.9986708862016681,1.000000000000001,6.0,6.0,6.0,6.0,"3-2, 2-1, 2-1, 1-0, 2-1, 3-2"
6.0,0.5995816967499179,0.35545608685836294,0.5809337553648949,0.7280962979200758,0.5168663656455571,0.7121092764753183,0.7323559250270368,0.5203310375551375,0.7151401332364886,0.9976636066290883,1.0,6.0,6.0,6.0,6.0,"3-2, 2-1, 2-1, 1-0, 2-1, 3-2"
6.0,0.5989382061340366,0.3530187512633368,0.5789893139391065,0.7275422309112548,0.5140471308976433,0.7103125144925034,0.7308354519097979,0.5180951023293064,0.7136494346037356,0.997969041818924,0.999999999999999,6.0,6.0,6.0,6.0,"3-2, 2-1, 2-1, 1-0, 2-1, 3-2"
6.0,0.5994824216181347,0.3587587246678423,0.5826248444142959,0.7203097244784852,0.507632070283053,0.7049025626067075,0.7215121721151662,0.508649234673204,0.7061849965046483,0.9983937863878897,0.9999999999999987,6.0,6.0,6.0,6.0,"3-2, 2-1, 2-1, 1-0, 2-1, 3-2"
6.0,0.6123463770572739,0.37625546232455737,0.5971354417080817,0.7309885302259939,0.5251649075285975,0.7170072132227518,0.7335098085973508,0.5284947015340682,0.719872614535988,0.9987681337203543,1.0000000000000018,6.0,6.0,6.0,6.0,"3-2, 2-1, 2-1, 1-0, 2-1, 3-2"
6.0,0.5858995956003961,0.3378832563544858,0.5655969831232577,0.7069969841957711,0.48348710426425623,0.6885985321279267,0.7108918790702482,0.4886638924781401,0.692867711414731,0.9981251026295201,1.0000000000000004,6.0,6.0,6.0,6.0,"3-2, 2-1, 2-1, 1-0, 2-1, 3-2"
6.0,0.5966849488451604,0.3511229126746716,0.5777690145559597,0.7249540434144575,0.5120407030356258,0.7094084422125043,0.7268025267538005,0.5137852115141377,0.7111644451491679,0.9982567657164327,0.999999999999999,6.0,6.0,6.0,6.0,"3-2, 2-1, 2-1, 1-0, 2-1, 3-2"
6.0,0.5871712725823509,0.3489539743069804,0.5750503253896246,0.7126619101294327,0.5015317825386904,0.7010772753180156,0.7156742410476155,0.5055098683908235,0.7045375882060179,0.999010378560617,1.000000000000001,6.0,6.0,6.0,6.0,"3-2, 2-1, 2-1, 1-0, 2-1, 3-2"
6.0,0.5929475206818919,0.35381469986137126,0.5800626917845504,0.7189543575992601,0.5093302134733532,0.7072855071954449,0.720351969034052,0.5101213238686378,0.7085321144191528,0.9988530793025054,0.9999999999999976,6.0,6.0,6.0,6.0,"3-2, 2-1, 2-1, 1-0, 2-1, 3-2"
6.0,0.5934124493694068,0.35275814639575753,0.5776742860074109,0.7148933899250073,0.5005425880604103,0.6999533941569482,0.7179799744028227,0.504627966622557,0.7033161611841323,0.9987950532224512,1.0000000000000004,6.0,6.0,6.0,6.0,"3-2, 2-1, 2-1, 1-0, 2-1, 3-2"
6.0,0.5840331229295277,0.33979233969641304,0.5667286165880698,0.7088666715916527,0.4903014068056067,0.6928984592489821,0.7120120319434576,0.4940501959497324,0.6963431253998664,0.9985309458937972,0.999999999999996,6.0,6.0,6.0,6.0,"3-2, 2-1, 2-1, 1-0, 2-1, 3-2"
7.0,0.5603900843917656,0.31550776296974525,0.5409134202515505,0.6772343878492088,0.4482472463568895,0.6586393183370256,0.6806761707474133,0.45171172590057784,0.6621182560272423,0.9980765713621065,0.9999999999999987,7.0,7.0,7.0,7.0,"2-1, 2-3, 2-1, 2-1, 1-0, 2-1, 3-2"
6.0,0.6057992442032882,0.3679129793718674,0.5897664576733552,0.7318562759840912,0.5259423132842811,0.7172932180516447,0.7364891955150535,0.5319372578836379,0.7219535928843053,0.9985243419094827,1.0000000000000018,6.0,6.0,6.0,6.0,"3-2, 2-1, 2-1, 1-0, 2-1, 3-2"
6.0,0.6078747211320316,0.3644203700672457,0.5879935213944785,0.7344868047683201,0.5228786239719165,0.715818031484413,0.737717796565079,0.5275402914144933,0.719404717517979,0.9983544981333988,0.9999999999999984,6.0,6.0,6.0,6.0,"3-2, 2-1, 2-1, 1-0, 2-1, 3-2"
6.0,0.5948401392492005,0.35466209746577687,0.5788118368868861,0.7204156176844954,0.5090038463384858,0.7061404229808073,0.723732853242154,0.5134453999964221,0.709690896391858,0.9982284875739208,0.9999999999999976,6.0,6.0,6.0,6.0,"3-2, 2-1, 2-1, 1-0, 2-1, 3-2"
6.0,0.5830627901274775,0.3460021472854285,0.5715650371726934,0.703106742942429,0.490181251938293,0.6922955362272447,0.7054625642954809,0.4923610208617976,0.6946931454883969,0.9991278984675958,1.0,6.0,6.0,6.0,6.0,"3-2, 2-1, 2-1, 1-0, 2-1, 3-2"
6.0,0.5900599237194376,0.3489382355135405,0.5745143539996087,0.7108427789293494,0.49563166431030803,0.6967589227652989,0.7131959369171134,0.49860392874540393,0.6993235278620682,0.9986602755949274,1.0000000000000007,6.0,6.0,6.0,6.0,"3-2, 2-1, 2-1, 1-0, 2-1, 3-2"
6.0,0.5929251119658498,0.34896691594348195,0.574383307346366,0.7157796340635922,0.49896188247390116,0.6987893891489326,0.7203932473796907,0.5050417003841969,0.7036256093170947,0.9981230637875236,1.0000000000000009,6.0,6.0,6.0,6.0,"3-2, 2-1, 2-1, 1-0, 2-1, 3-2"
6.0,0.5925912994946667,0.33857520850141765,0.5656064317311615,0.7161522504657108,0.48908862990898877,0.6915847654971494,0.7193582783880864,0.4910578651843963,0.6939840645302842,0.9973603973441171,0.9999999999999997,6.0,6.0,6.0,6.0,"3-2, 2-1, 2-1, 1-0, 2-1, 3-2"
6.0,0.600264331951922,0.35935507496048463,0.584106092018617,0.7222572518303427,0.5101698070349585,0.7074763937104572,0.724432078416128,0.5126335333267773,0.7098809480910416,0.9985239366342995,0.9999999999999993,6.0,6.0,6.0,6.0,"3-2, 2-1, 2-1, 1-0, 2-1, 3-2"
6.0,0.5996994291225819,0.3548959978329841,0.5809856205747781,0.7224645180434942,0.5077738567794594,0.7060761823626699,0.7257647516430002,0.5112955824540751,0.7093406474760974,0.998166938744447,0.9999999999999988,6.0,6.0,6.0,6.0,"3-2, 2-1, 2-1, 1-0, 2-1, 3-2"
6.0,0.5903341898982183,0.35128387049799636,0.5750251772110444,0.7100292559093188,0.49802238007293104,0.6972005687183696,0.7115180546214438,0.4983285588070192,0.6981588501514439,0.9977706952670312,1.000000000000002,6.0,6.0,6.0,6.0,"3-2, 2-1, 2-1, 1-0, 2-1, 3-2"
6.0,0.603618071705595,0.35875528653275207,0.5819191933156154,0.7259262242206336,0.5081712311525339,0.7052851809700312,0.7292553144315416,0.5129066109798466,0.7091450461785411,0.9976967155448773,1.0000000000000004,6.0,6.0,6.0,6.0,"3-2, 2-1, 2-1, 1-0, 2-1, 3-2"
6.0,0.5873275057380184,0.35368089530386126,0.5774017550308573,0.7108450481447988,0.5037991976260663,0.7015626087750684,0.710691030660896,0.5032144989718498,0.7018552271866587,0.9992793189794195,0.9999999999999992,6.0,6.0,6.0,6.0,"3-2, 2-1, 2-1, 1-0, 2-1, 3-2"
6.0,0.604879831352395,0.36332300992932215,0.5865388621679577,0.7282214044321759,0.5178540736224401,0.712727429841241,0.7274583670143278,0.5147661865883453,0.7112647304157691,0.9983655643384777,0.9999999999999983,6.0,6.0,6.0,6.0,"1-0, 2-1, 2-1, 1-0, 2-1, 3-2"
